净值日期,单位净值,日增长率
2010-04-22,1.0,0.0
2010-04-23,0.999,-0.1
2010-04-30,0.9879,-1.1111
2010-05-07,0.9825,-0.5466
2010-05-14,0.9721,-1.0585
2010-05-21,0.9688,-0.3395
2010-05-24,0.9868,1.858
2010-05-25,0.9791,-0.7803
2010-05-26,0.9786,-0.0511
2010-05-27,0.9869,0.8482
2010-05-28,0.9855,-0.1419
2010-05-31,0.9732,-1.2481
2010-06-01,0.9666,-0.6782
2010-06-02,0.9728,0.6414
2010-06-03,0.9682,-0.4729
2010-06-04,0.9702,0.2066
2010-06-07,0.9694,-0.0825
2010-06-08,0.9686,-0.0825
2010-06-09,0.9809,1.2699
2010-06-10,0.9857,0.4893
2010-06-11,0.9845,-0.1217
2010-06-17,0.9762,-0.8431
2010-06-18,0.9549,-2.1819
2010-06-21,0.9687,1.4452
2010-06-22,0.9695,0.0826
2010-06-23,0.9683,-0.1238
2010-06-24,0.9688,0.0516
2010-06-25,0.9605,-0.8567
2010-06-28,0.9543,-0.6455
2010-06-29,0.9271,-2.8503
2010-06-30,0.922,-0.5501
2010-07-01,0.9148,-0.7809
2010-07-02,0.9126,-0.2405
2010-07-05,0.9108,-0.1972
2010-07-06,0.9223,1.2626
2010-07-07,0.9307,0.9108
2010-07-08,0.9284,-0.2471
2010-07-09,0.9462,1.9173
2010-07-12,0.9526,0.6764
2010-07-13,0.9431,-0.9973
2010-07-14,0.9452,0.2227
2010-07-15,0.9319,-1.4071
2010-07-16,0.9358,0.4185
2010-07-19,0.9518,1.7098
2010-07-20,0.969,1.8071
2010-07-21,0.9686,-0.0413
2010-07-22,0.9778,0.9498
2010-07-23,0.98,0.225
2010-07-26,0.9848,0.4898
2010-07-27,0.9845,-0.0305
2010-07-28,1.0027,1.8487
2010-07-29,1.0045,0.1795
2010-07-30,1.0037,-0.0796
2010-08-02,1.0173,1.355
2010-08-03,1.0043,-1.2779
2010-08-04,1.0065,0.2191
2010-08-05,1.0038,-0.2683
2010-08-06,1.0169,1.305
2010-08-09,1.0247,0.767
2010-08-10,0.9959,-2.8106
2010-08-11,1.0006,0.4719
2010-08-12,0.9898,-1.0794
2010-08-13,1.0036,1.3942
2010-08-16,1.0272,2.3515
2010-08-17,1.0321,0.477
2010-08-18,1.029,-0.3004
2010-08-19,1.0321,0.3013
2010-08-20,1.0122,-1.9281
2010-08-23,1.0144,0.2173
2010-08-24,1.0195,0.5028
2010-08-25,1.0023,-1.6871
2010-08-26,1.0068,0.449
2010-08-27,1.0118,0.4966
2010-08-30,1.036,2.3918
2010-08-31,1.041,0.4826
2010-09-01,1.0266,-1.3833
2010-09-02,1.0362,0.9351
2010-09-03,1.0387,0.2413
2010-09-06,1.032,-0.645
2010-09-07,1.0353,0.3198
2010-09-08,1.0413,0.5795
2010-09-09,1.03,-1.0852
2010-09-10,1.0409,1.0583
2010-09-13,1.0521,1.076
2010-09-14,1.0547,0.2471
2010-09-15,1.0382,-1.5644
2010-09-16,1.0235,-1.4159
2010-09-17,1.0278,0.4201
2010-09-20,1.0185,-0.9048
2010-09-21,1.0155,-0.2946
2010-09-27,1.0349,1.9104
2010-09-28,1.0329,-0.1933
2010-09-29,1.0226,-0.9972
2010-09-30,1.0441,2.1025
2010-10-08,1.0672,2.2124
2010-10-11,1.0694,0.2061
2010-10-12,1.0834,1.3091
2010-10-13,1.0996,1.4953
2010-10-14,1.0876,-1.0913
2010-10-15,1.0969,0.8551
2010-10-18,1.0799,-1.5498
2010-10-19,1.1025,2.0928
2010-10-20,1.0865,-1.4512
2010-10-21,1.0871,0.0552
2010-10-22,1.0894,0.2116
2010-10-25,1.1111,1.9919
2010-10-26,1.111,-0.009
2010-10-27,1.103,-0.7201
2010-10-28,1.1072,0.3808
2010-10-29,1.1169,0.8761
2010-11-01,1.1422,2.2652
2010-11-02,1.1386,-0.3152
2010-11-03,1.1149,-2.0815
2010-11-04,1.129,1.2647
2010-11-05,1.1417,1.1249
2010-11-08,1.1573,1.3664
2010-11-09,1.1611,0.3284
2010-11-10,1.156,-0.4392
2010-11-11,1.1471,-0.7699
2010-11-12,1.0869,-5.248
2010-11-15,1.1167,2.7417
2010-11-16,1.0761,-3.6357
2010-11-17,1.0528,-2.1652
2010-11-18,1.065,1.1588
2010-11-19,1.0859,1.9624
2010-11-22,1.0962,0.9485
2010-11-23,1.0843,-1.0856
2010-11-24,1.1097,2.3425
2010-11-25,1.12,0.9282
2010-11-26,1.1149,-0.4554
2010-11-29,1.1203,0.4843
2010-11-30,1.0933,-2.4101
2010-12-01,1.0872,-0.5579
2010-12-02,1.0884,0.1104
2010-12-03,1.0867,-0.1562
2010-12-06,1.0713,-1.4171
2010-12-07,1.0893,1.6802
2010-12-08,1.0846,-0.4315
2010-12-09,1.0643,-1.8717
2010-12-10,1.0811,1.5785
2010-12-13,1.1122,2.8767
2010-12-14,1.1259,1.2318
2010-12-15,1.1141,-1.0481
2010-12-16,1.1208,0.6014
2010-12-17,1.1275,0.5978
2010-12-20,1.1153,-1.082
2010-12-21,1.1436,2.5374
2010-12-22,1.14,-0.3148
2010-12-23,1.1208,-1.6842
2010-12-24,1.1101,-0.9547
2010-12-27,1.0816,-2.5673
2010-12-28,1.0603,-1.9693
2010-12-29,1.0717,1.0752
2010-12-30,1.0688,-0.2706
2010-12-31,1.0844,1.4596
2011-01-04,1.117,3.0063
2011-01-05,1.1201,0.2775
2011-01-06,1.1158,-0.3839
2011-01-07,1.1089,-0.6184
2011-01-10,1.0834,-2.2996
2011-01-11,1.0884,0.4615
2011-01-12,1.0985,0.928
2011-01-13,1.0901,-0.7647
2011-01-14,1.0778,-1.1283
2011-01-17,1.0384,-3.6556
2011-01-18,1.0373,-0.1059
2011-01-19,1.0641,2.5836
2011-01-20,1.0342,-2.8099
2011-01-21,1.0445,0.9959
2011-01-24,1.035,-0.9095
2011-01-25,1.0195,-1.4976
2011-01-26,1.0372,1.7361
2011-01-27,1.0411,0.376
2011-01-28,1.0471,0.5763
2011-01-31,1.067,1.9005
2011-02-01,1.0622,-0.4499
2011-02-09,1.0579,-0.4048
2011-02-10,1.0672,0.8791
2011-02-11,1.0765,0.8714
2011-02-14,1.0875,1.0218
2011-02-15,1.0914,0.3586
2011-02-16,1.0964,0.4581
2011-02-17,1.0945,-0.1733
2011-02-18,1.0843,-0.9319
2011-02-21,1.1073,2.1212
2011-02-22,1.0756,-2.8628
2011-02-23,1.0918,1.5061
2011-02-24,1.0917,-0.0092
2011-02-25,1.0907,-0.0916
2011-02-28,1.1083,1.6136
2011-03-01,1.103,-0.4782
2011-03-02,1.0935,-0.8613
2011-03-03,1.075,-1.6918
2011-03-04,1.0812,0.5767
2011-03-07,1.0858,0.4255
2011-03-08,1.0907,0.4513
2011-03-09,1.0986,0.7243
2011-03-10,1.0905,-0.7373
2011-03-11,1.0807,-0.8987
2011-03-14,1.0896,0.8235
2011-03-15,1.0703,-1.7713
2011-03-16,1.0781,0.7288
2011-03-17,1.0658,-1.1409
2011-03-18,1.0671,0.122
2011-03-21,1.0653,-0.1687
2011-03-22,1.0643,-0.0939
2011-03-23,1.0804,1.5127
2011-03-24,1.0753,-0.472
2011-03-25,1.0912,1.4787
2011-03-28,1.0872,-0.3666
2011-03-29,1.0798,-0.6806
2011-03-30,1.0699,-0.9168
2011-03-31,1.0615,-0.7851
2011-04-01,1.0746,1.2341
2011-04-06,1.071,-0.335
2011-04-07,1.0751,0.3828
2011-04-08,1.0894,1.3301
2011-04-11,1.0807,-0.7986
2011-04-12,1.081,0.0278
2011-04-13,1.0882,0.666
2011-04-14,1.0937,0.5054
2011-04-15,1.0923,-0.128
2011-04-18,1.0934,0.1007
2011-04-19,1.0709,-2.0578
2011-04-20,1.0759,0.4669
2011-04-21,1.0821,0.5763
2011-04-22,1.078,-0.3789
2011-04-25,1.0563,-2.013
2011-04-26,1.045,-1.0698
2011-04-27,1.0376,-0.7081
2011-04-28,1.0097,-2.6889
2011-04-29,1.0258,1.5945
2011-05-03,1.0339,0.7896
2011-05-04,1.0042,-2.8726
2011-05-05,1.0062,0.1992
2011-05-06,1.0136,0.7354
2011-05-09,1.0171,0.3453
2011-05-10,1.024,0.6784
2011-05-11,1.0269,0.2832
2011-05-12,1.0182,-0.8472
2011-05-13,1.0249,0.658
2011-05-16,1.0253,0.039
2011-05-17,1.0228,-0.2438
2011-05-18,1.0283,0.5377
2011-05-19,1.0213,-0.6807
2011-05-20,1.0147,-0.6462
2011-05-23,0.9914,-2.2962
2011-05-24,0.9942,0.2824
2011-05-25,0.9829,-1.1366
2011-05-26,0.9712,-1.1904
2011-05-27,0.9601,-1.1429
2011-05-30,0.9507,-0.9791
2011-05-31,0.9596,0.9362
2011-06-01,0.9675,0.8233
2011-06-02,0.9524,-1.5607
2011-06-03,0.9638,1.197
2011-06-07,0.9718,0.83
2011-06-08,0.9801,0.8541
2011-06-09,0.9584,-2.2141
2011-06-10,0.9658,0.7721
2011-06-13,0.9665,0.0725
2011-06-14,0.981,1.5003
2011-06-15,0.9765,-0.4587
2011-06-16,0.9683,-0.8397
2011-06-17,0.9605,-0.8055
2011-06-20,0.9535,-0.7288
2011-06-21,0.9614,0.8285
2011-06-22,0.9587,-0.2808
2011-06-23,0.9743,1.6272
2011-06-24,0.9974,2.3709
2011-06-27,1.0019,0.4512
2011-06-28,1.0039,0.1996
2011-06-29,0.998,-0.5877
2011-06-30,1.0086,1.0621
2011-07-01,1.0185,0.9816
2011-07-04,1.0381,1.9244
2011-07-05,1.0429,0.4624
2011-07-06,1.0511,0.7863
2011-07-07,1.0568,0.5423
2011-07-08,1.0584,0.1514
2011-07-11,1.0683,0.9354
2011-07-12,1.0563,-1.1233
2011-07-13,1.0722,1.5053
2011-07-14,1.0754,0.2985
2011-07-15,1.0812,0.5393
2011-07-18,1.0798,-0.1295
2011-07-19,1.0714,-0.7779
2011-07-20,1.0745,0.2893
2011-07-21,1.0696,-0.456
2011-07-22,1.0699,0.028
2011-07-25,1.0413,-2.6731
2011-07-26,1.0505,0.8835
2011-07-27,1.0616,1.0566
2011-07-28,1.0626,0.0942
2011-07-29,1.0548,-0.734
2011-08-01,1.0558,0.0948
2011-08-02,1.0457,-0.9566
2011-08-03,1.0488,0.2965
2011-08-04,1.0546,0.553
2011-08-05,1.0432,-1.081
2011-08-08,1.0135,-2.847
2011-08-09,1.0296,1.5886
2011-08-10,1.0395,0.9615
2011-08-11,1.0584,1.8182
2011-08-12,1.058,-0.0378
2011-08-15,1.0645,0.6144
2011-08-16,1.0553,-0.8643
2011-08-17,1.0536,-0.1611
2011-08-18,1.0382,-1.4617
2011-08-19,1.0328,-0.5201
2011-08-22,1.0186,-1.3749
2011-08-23,1.0352,1.6297
2011-08-24,1.0355,0.029
2011-08-25,1.052,1.5934
2011-08-26,1.0578,0.5513
2011-08-29,1.0427,-1.4275
2011-08-30,1.0332,-0.9111
2011-08-31,1.0218,-1.1034
2011-09-01,1.0176,-0.411
2011-09-02,1.0067,-1.0711
2011-09-05,0.9875,-1.9072
2011-09-06,0.9762,-1.1443
2011-09-07,0.9941,1.8336
2011-09-08,0.9884,-0.5734
2011-09-09,0.9798,-0.8701
2011-09-13,0.9682,-1.1839
2011-09-14,0.9746,0.661
2011-09-15,0.9769,0.236
2011-09-16,0.9786,0.174
2011-09-19,0.959,-2.0029
2011-09-20,0.9613,0.2398
2011-09-21,0.9817,2.1221
2011-09-22,0.9537,-2.8522
2011-09-23,0.9448,-0.9332
2011-09-26,0.9329,-1.2595
2011-09-27,0.9348,0.2037
2011-09-28,0.9203,-1.5511
2011-09-29,0.9043,-1.7386
2011-09-30,0.9055,0.1327
2011-10-10,0.8955,-1.1044
2011-10-11,0.891,-0.5025
2011-10-12,0.9135,2.5253
2011-10-13,0.9255,1.3136
2011-10-14,0.9237,-0.1945
2011-10-17,0.9237,0.0
2011-10-18,0.9033,-2.2085
2011-10-19,0.9,-0.3653
2011-10-20,0.8759,-2.6778
2011-10-21,0.8632,-1.4499
2011-10-24,0.8725,1.0774
2011-10-25,0.899,3.0372
2011-10-26,0.9117,1.4127
2011-10-27,0.9108,-0.0987
2011-10-28,0.9305,2.1629
2011-10-31,0.9419,1.2251
2011-11-01,0.9441,0.2336
2011-11-02,0.9557,1.2287
2011-11-03,0.9609,0.5441
2011-11-04,0.9628,0.1977
2011-11-07,0.9571,-0.592
2011-11-08,0.9541,-0.3134
2011-11-09,0.9601,0.6289
2011-11-10,0.9535,-0.6874
2011-11-11,0.955,0.1573
2011-11-14,0.9745,2.0419
2011-11-15,0.9777,0.3284
2011-11-16,0.9524,-2.5877
2011-11-17,0.9548,0.252
2011-11-18,0.9342,-2.1575
2011-11-21,0.9297,-0.4817
2011-11-22,0.9319,0.2366
2011-11-23,0.9291,-0.3005
2011-11-24,0.9326,0.3767
2011-11-25,0.9285,-0.4396
2011-11-28,0.9346,0.657
2011-11-29,0.9479,1.4231
2011-11-30,0.9233,-2.5952
2011-12-01,0.9413,1.9495
2011-12-02,0.9269,-1.5298
2011-12-05,0.9128,-1.5212
2011-12-06,0.9147,0.2082
2011-12-07,0.9167,0.2187
2011-12-08,0.9119,-0.5236
2011-12-09,0.9048,-0.7786
2011-12-12,0.8912,-1.5031
2011-12-13,0.8762,-1.6831
2011-12-14,0.8669,-1.0614
2011-12-15,0.8579,-1.0382
2011-12-16,0.8779,2.3313
2011-12-19,0.8846,0.7632
2011-12-20,0.8796,-0.5652
2011-12-21,0.8619,-2.0123
2011-12-22,0.863,0.1276
2011-12-23,0.8705,0.8691
2011-12-26,0.8641,-0.7352
2011-12-27,0.8449,-2.222
2011-12-28,0.8356,-1.1007
2011-12-29,0.8429,0.8736
2011-12-30,0.8576,1.744
2011-12-31,0.8576,0.0
2012-01-04,0.835,-2.6353
2012-01-05,0.808,-3.2335
2012-01-06,0.8008,-0.8911
2012-01-09,0.8223,2.6848
2012-01-10,0.8469,2.9916
2012-01-11,0.8421,-0.5668
2012-01-12,0.8426,0.0594
2012-01-13,0.8147,-3.3112
2012-01-16,0.7901,-3.0195
2012-01-17,0.8162,3.3034
2012-01-18,0.7957,-2.5116
2012-01-19,0.8052,1.1939
2012-01-20,0.82,1.8381
2012-01-30,0.8097,-1.2561
2012-01-31,0.8097,0.0
2012-02-01,0.804,-0.704
2012-02-02,0.8193,1.903
2012-02-03,0.8283,1.0985
2012-02-06,0.8254,-0.3501
2012-02-07,0.8119,-1.6356
2012-02-08,0.8276,1.9337
2012-02-09,0.8347,0.8579
2012-02-10,0.8415,0.8147
2012-02-13,0.8404,-0.1307
2012-02-14,0.8415,0.1309
2012-02-15,0.8547,1.5686
2012-02-16,0.8567,0.234
2012-02-17,0.8541,-0.3035
2012-02-20,0.8554,0.1522
2012-02-21,0.868,1.473
2012-02-22,0.8863,2.1083
2012-02-23,0.8858,-0.0564
2012-02-24,0.9024,1.874
2012-02-27,0.9047,0.2549
2012-02-28,0.904,-0.0774
2012-02-29,0.8872,-1.8584
2012-03-01,0.893,0.6537
2012-03-02,0.9136,2.3068
2012-03-05,0.9108,-0.3065
2012-03-06,0.9035,-0.8015
2012-03-07,0.9009,-0.2878
2012-03-08,0.9106,1.0767
2012-03-09,0.9172,0.7248
2012-03-12,0.9158,-0.1526
2012-03-13,0.9216,0.6333
2012-03-14,0.8949,-2.8971
2012-03-15,0.8866,-0.9275
2012-03-16,0.9025,1.7934
2012-03-19,0.9025,0.0
2012-03-20,0.8885,-1.5512
2012-03-21,0.8866,-0.2138
2012-03-22,0.8897,0.3497
2012-03-23,0.8761,-1.5286
2012-03-26,0.874,-0.2397
2012-03-27,0.8723,-0.1945
2012-03-28,0.8524,-2.2813
2012-03-29,0.8488,-0.4223
2012-03-30,0.8564,0.8954
2012-03-31,0.8564,0.0
2012-04-05,0.8751,2.1836
2012-04-06,0.8789,0.4342
2012-04-09,0.868,-1.2402
2012-04-10,0.8776,1.106
2012-04-11,0.8819,0.49
2012-04-12,0.8948,1.4628
2012-04-13,0.8963,0.1676
2012-04-16,0.902,0.6359
2012-04-17,0.889,-1.4412
2012-04-18,0.9019,1.4511
2012-04-19,0.8994,-0.2772
2012-04-20,0.9092,1.0896
2012-04-23,0.8962,-1.4298
2012-04-24,0.8989,0.3013
2012-04-25,0.9068,0.8789
2012-04-26,0.9052,-0.1764
2012-04-27,0.9044,-0.0884
2012-05-02,0.9161,1.2937
2012-05-03,0.9156,-0.0546
2012-05-04,0.9228,0.7864
2012-05-07,0.9307,0.8561
2012-05-08,0.9252,-0.591
2012-05-09,0.9097,-1.6753
2012-05-10,0.9118,0.2308
2012-05-11,0.9063,-0.6032
2012-05-14,0.9082,0.2096
2012-05-15,0.907,-0.1321
2012-05-16,0.8952,-1.301
2012-05-17,0.9118,1.8543
2012-05-18,0.898,-1.5135
2012-05-21,0.8904,-0.8463
2012-05-22,0.906,1.752
2012-05-23,0.9087,0.298
2012-05-24,0.9,-0.9574
2012-05-25,0.891,-1.0
2012-05-28,0.9049,1.56
2012-05-29,0.919,1.5582
2012-05-30,0.9251,0.6638
2012-05-31,0.925,-0.0108
2012-06-01,0.9258,0.0865
2012-06-04,0.903,-2.4627
2012-06-05,0.8969,-0.6755
2012-06-06,0.8918,-0.5686
2012-06-07,0.8895,-0.2579
2012-06-08,0.886,-0.3935
2012-06-11,0.9031,1.93
2012-06-12,0.9006,-0.2768
2012-06-13,0.9157,1.6767
2012-06-14,0.9068,-0.9719
2012-06-15,0.9035,-0.3639
2012-06-18,0.9106,0.7858
2012-06-19,0.9011,-1.0433
2012-06-20,0.8996,-0.1665
2012-06-21,0.8894,-1.1338
2012-06-25,0.8659,-2.6422
2012-06-26,0.8655,-0.0462
2012-06-27,0.866,0.0578
2012-06-28,0.8576,-0.97
2012-06-29,0.8758,2.1222
2012-06-30,0.8758,0.0
2012-07-02,0.8873,1.3131
2012-07-03,0.8892,0.2141
2012-07-04,0.8809,-0.9334
2012-07-05,0.8782,-0.3065
2012-07-06,0.8929,1.6739
2012-07-09,0.877,-1.7807
2012-07-10,0.86,-1.9384
2012-07-11,0.8669,0.8023
2012-07-12,0.8755,0.992
2012-07-13,0.8751,-0.0457
2012-07-16,0.8448,-3.4625
2012-07-17,0.8488,0.4735
2012-07-18,0.8474,-0.1649
2012-07-19,0.8549,0.8851
2012-07-20,0.8464,-0.9943
2012-07-23,0.8393,-0.8388
2012-07-24,0.8465,0.8579
2012-07-25,0.8427,-0.4489
2012-07-26,0.8389,-0.4509
2012-07-27,0.8295,-1.1205
2012-07-30,0.8182,-1.3623
2012-07-31,0.8109,-0.8922
2012-08-01,0.8222,1.3935
2012-08-02,0.8174,-0.5838
2012-08-03,0.8283,1.3335
2012-08-06,0.8464,2.1852
2012-08-07,0.8488,0.2836
2012-08-08,0.8411,-0.9072
2012-08-09,0.853,1.4148
2012-08-10,0.8537,0.0821
2012-08-13,0.8366,-2.003
2012-08-14,0.8383,0.2032
2012-08-15,0.8327,-0.668
2012-08-16,0.8238,-1.0688
2012-08-17,0.829,0.6312
2012-08-20,0.834,0.6031
2012-08-21,0.8487,1.7626
2012-08-22,0.846,-0.3181
2012-08-23,0.8467,0.0827
2012-08-24,0.8361,-1.2519
2012-08-27,0.8186,-2.0931
2012-08-28,0.8261,0.9162
2012-08-29,0.8283,0.2663
2012-08-30,0.8148,-1.6298
2012-08-31,0.8171,0.2823
2012-09-03,0.8371,2.4477
2012-09-04,0.832,-0.6092
2012-09-05,0.8369,0.5889
2012-09-06,0.8421,0.6213
2012-09-07,0.8685,3.135
2012-09-10,0.8734,0.5642
2012-09-11,0.8674,-0.687
2012-09-12,0.8692,0.2075
2012-09-13,0.8545,-1.6912
2012-09-14,0.8543,-0.0234
2012-09-17,0.8328,-2.5167
2012-09-18,0.8297,-0.3722
2012-09-19,0.8371,0.8919
2012-09-20,0.8128,-2.9029
2012-09-21,0.8074,-0.6644
2012-09-24,0.8156,1.0156
2012-09-25,0.8101,-0.6744
2012-09-26,0.7943,-1.9504
2012-09-27,0.8098,1.9514
2012-09-28,0.8229,1.6177
2012-09-30,0.8228,-0.0122
2012-10-08,0.8201,-0.3281
2012-10-09,0.8422,2.6948
2012-10-10,0.8497,0.8905
2012-10-11,0.8411,-1.0121
2012-10-12,0.8342,-0.8204
2012-10-15,0.8304,-0.4555
2012-10-16,0.8269,-0.4215
2012-10-17,0.8294,0.3023
2012-10-18,0.8428,1.6156
2012-10-19,0.8448,0.2373
2012-10-22,0.8507,0.6984
2012-10-23,0.8361,-1.7162
2012-10-24,0.8301,-0.7176
2012-10-25,0.8202,-1.1926
2012-10-26,0.8037,-2.0117
2012-10-29,0.8073,0.4479
2012-10-30,0.8091,0.223
2012-10-31,0.8136,0.5562
2012-11-01,0.8249,1.3889
2012-11-02,0.8269,0.2425
2012-11-05,0.8187,-0.9917
2012-11-06,0.8161,-0.3176
2012-11-07,0.8157,-0.049
2012-11-08,0.7972,-2.268
2012-11-09,0.7955,-0.2132
2012-11-12,0.8,0.5657
2012-11-13,0.7847,-1.9125
2012-11-14,0.7845,-0.0255
2012-11-15,0.7721,-1.5806
2012-11-16,0.7681,-0.5181
2012-11-19,0.7693,0.1562
2012-11-20,0.7699,0.078
2012-11-21,0.777,0.9222
2012-11-22,0.7742,-0.3604
2012-11-23,0.7774,0.4133
2012-11-26,0.7688,-1.1063
2012-11-27,0.7484,-2.6535
2012-11-28,0.7383,-1.3495
2012-11-29,0.7301,-1.1107
2012-11-30,0.7388,1.1916
2012-12-03,0.7263,-1.6919
2012-12-04,0.7331,0.9363
2012-12-05,0.7603,3.7103
2012-12-06,0.7599,-0.0526
2012-12-07,0.7729,1.7108
2012-12-10,0.7873,1.8631
2012-12-11,0.7808,-0.8256
2012-12-12,0.7824,0.2049
2012-12-13,0.7754,-0.8947
2012-12-14,0.803,3.5595
2012-12-17,0.7994,-0.4483
2012-12-18,0.7995,0.0125
2012-12-19,0.8063,0.8505
2012-12-20,0.8116,0.6573
2012-12-21,0.8128,0.1479
2012-12-24,0.8221,1.1442
2012-12-25,0.8401,2.1895
2012-12-26,0.8528,1.5117
2012-12-27,0.8475,-0.6215
2012-12-28,0.8634,1.8761
2012-12-31,0.8816,2.1079
2013-01-04,0.8741,-0.8507
2013-01-07,0.8777,0.4119
2013-01-08,0.8837,0.6836
2013-01-09,0.8893,0.6337
2013-01-10,0.8932,0.4385
2013-01-11,0.8868,-0.7165
2013-01-14,0.9285,4.7023
2013-01-15,0.9437,1.637
2013-01-16,0.9441,0.0424
2013-01-17,0.929,-1.5994
2013-01-18,0.9465,1.8837
2013-01-21,0.9524,0.6233
2013-01-22,0.9465,-0.6195
2013-01-23,0.9511,0.486
2013-01-24,0.9363,-1.5561
2013-01-25,0.9309,-0.5767
2013-01-28,0.9617,3.3086
2013-01-29,0.9684,0.6967
2013-01-30,0.9641,-0.444
2013-01-31,0.9623,-0.1867
2013-02-01,0.9749,1.3094
2013-02-04,0.9673,-0.7796
2013-02-05,0.9687,0.1447
2013-02-06,0.9753,0.6813
2013-02-07,0.9716,-0.3794
2013-02-08,0.9791,0.7719
2013-02-18,0.9788,-0.0306
2013-02-19,0.9632,-1.5938
2013-02-20,0.9769,1.4223
2013-02-21,0.9638,-1.341
2013-02-22,0.9585,-0.5499
2013-02-25,0.9629,0.4591
2013-02-26,0.9545,-0.8724
2013-02-27,0.9513,-0.3353
2013-02-28,0.9704,2.0078
2013-03-01,0.9787,0.8553
2013-03-04,0.9642,-1.4816
2013-03-05,0.983,1.9498
2013-03-06,0.9946,1.1801
2013-03-07,0.9886,-0.6033
2013-03-08,0.9834,-0.526
2013-03-11,0.9853,0.1932
2013-03-12,0.9724,-1.3092
2013-03-13,0.9604,-1.2341
2013-03-14,0.966,0.5831
2013-03-15,0.9606,-0.559
2013-03-18,0.9548,-0.6038
2013-03-19,0.9622,0.775
2013-03-20,0.9813,1.985
2013-03-21,0.9836,0.2344
2013-03-22,0.9864,0.2847
2013-03-25,0.9838,-0.2636
2013-03-26,0.9846,0.0813
2013-03-27,0.9892,0.4672
2013-03-28,0.9758,-1.3546
2013-03-29,0.9742,-0.164
2013-04-01,0.9723,-0.195
2013-04-02,0.958,-1.4707
2013-04-03,0.9551,-0.3027
2013-04-08,0.9626,0.7853
2013-04-09,0.9691,0.6753
2013-04-10,0.9702,0.1135
2013-04-11,0.9683,-0.1958
2013-04-12,0.9697,0.1446
2013-04-15,0.959,-1.1034
2013-04-16,0.9646,0.5839
2013-04-17,0.9758,1.1611
2013-04-18,0.9789,0.3177
2013-04-19,0.9944,1.5834
2013-04-22,1.0,-0.0931
2013-04-23,0.9859,-1.41
2013-04-24,0.9946,0.8824
2013-04-25,0.991,-0.362
2013-04-26,0.983,-0.8073
2013-05-02,0.9901,0.7223
2013-05-03,1.0027,1.2726
2013-05-06,1.0144,1.1668
2013-05-07,1.0212,0.6703
2013-05-08,1.0291,0.7736
2013-05-09,1.0361,0.6802
2013-05-10,1.0368,0.0676
2013-05-13,1.032,-0.463
2013-05-14,1.0278,-0.407
2013-05-15,1.038,0.9924
2013-05-16,1.0477,0.9345
2013-05-17,1.0626,1.4222
2013-05-20,1.0636,0.0941
2013-05-21,1.0743,1.006
2013-05-22,1.0778,0.3258
2013-05-23,1.0633,-1.3453
2013-05-24,1.0738,0.9875
2013-05-27,1.0807,0.6426
2013-05-28,1.0863,0.5182
2013-05-29,1.0902,0.359
2013-05-30,1.0893,-0.0826
2013-05-31,1.0804,-0.817
2013-06-03,1.0833,0.2684
2013-06-04,1.0791,-0.3877
2013-06-05,1.0753,-0.3521
2013-06-06,1.0622,-1.2183
2013-06-07,1.0435,-1.7605
2013-06-13,1.034,-0.9104
2013-06-14,1.0479,1.3443
2013-06-17,1.0501,0.2099
2013-06-18,1.0553,0.4952
2013-06-19,1.0537,-0.1516
2013-06-20,1.0298,-2.2682
2013-06-21,1.0294,-0.0388
2013-06-24,0.9916,-3.672
2013-06-25,0.9991,0.7564
2013-06-26,1.0124,1.3312
2013-06-27,1.0031,-0.9186
2013-06-28,1.0135,1.0368
2013-06-30,1.0135,0.0
2013-07-01,1.0259,1.2235
2013-07-02,1.0397,1.3452
2013-07-03,1.0418,0.202
2013-07-04,1.046,0.4031
2013-07-05,1.0384,-0.7266
2013-07-08,1.0218,-1.5986
2013-07-09,1.0186,-0.3132
2013-07-10,1.0383,1.934
2013-07-11,1.0629,2.3693
2013-07-12,1.0575,-0.508
2013-07-15,1.0711,1.2861
2013-07-16,1.0819,1.0083
2013-07-17,1.0653,-1.5343
2013-07-18,1.0606,-0.4412
2013-07-19,1.0434,-1.6217
2013-07-22,1.0551,1.1213
2013-07-23,1.0718,1.5828
2013-07-24,1.0723,0.0467
2013-07-25,1.0663,-0.5595
2013-07-26,1.0623,-0.3751
2013-07-29,1.0544,-0.7437
2013-07-30,1.0435,-1.0338
2013-07-31,1.0444,0.0862
2013-08-01,1.0606,1.5511
2013-08-02,1.068,0.6977
2013-08-05,1.0763,0.7772
2013-08-06,1.0821,0.5389
2013-08-07,1.0854,0.305
2013-08-08,1.0874,0.1843
2013-08-09,1.0899,0.2299
2013-08-12,1.1025,1.1561
2013-08-13,1.1033,0.0726
2013-08-14,1.0954,-0.716
2013-08-15,1.0861,-0.849
2013-08-16,1.072,-1.2982
2013-08-19,1.0883,1.5205
2013-08-20,1.0865,-0.1654
2013-08-21,1.0861,-0.0368
2013-08-22,1.0815,-0.4235
2013-08-23,1.0753,-0.5733
2013-08-26,1.0908,1.4415
2013-08-27,1.0913,0.0458
2013-08-28,1.077,-1.3104
2013-08-29,1.0731,-0.3621
2013-08-30,1.0687,-0.41
2013-09-02,1.0712,0.2339
2013-09-03,1.0872,1.4937
2013-09-04,1.0903,0.2851
2013-09-05,1.0931,0.2568
2013-09-06,1.0922,-0.0823
2013-09-09,1.1028,0.9705
2013-09-10,1.1098,0.6347
2013-09-11,1.1065,-0.2974
2013-09-12,1.111,0.4067
2013-09-13,1.11,-0.09
2013-09-16,1.109,-0.0901
2013-09-17,1.0992,-0.8837
2013-09-18,1.0958,-0.3093
2013-09-23,1.119,2.1172
2013-09-24,1.1184,-0.0536
2013-09-25,1.1176,-0.0715
2013-09-26,1.1133,-0.3848
2013-09-27,1.1294,1.4462
2013-09-30,1.1365,0.6287
2013-10-08,1.1603,2.0941
2013-10-09,1.1598,-0.0431
2013-10-10,1.1547,-0.4397
2013-10-11,1.1708,1.3943
2013-10-14,1.1819,0.9481
2013-10-15,1.1821,0.0169
2013-10-16,1.1681,-1.1843
2013-10-17,1.17,0.1627
2013-10-18,1.171,0.0855
2013-10-21,1.2162,3.8599
2013-10-22,1.2137,-0.2056
2013-10-23,1.1942,-1.6067
2013-10-24,1.186,-0.6867
2013-10-25,1.1735,-1.054
2013-10-28,1.1715,-0.1704
2013-10-29,1.1596,-1.0158
2013-10-30,1.1632,0.3105
2013-10-31,1.1401,-1.9859
2013-11-01,1.1388,-0.114
2013-11-04,1.1472,0.7376
2013-11-05,1.1535,0.5492
2013-11-06,1.1436,-0.8583
2013-11-07,1.1265,-1.4953
2013-11-08,1.1108,-1.3937
2013-11-11,1.126,1.3684
2013-11-12,1.1406,1.2966
2013-11-13,1.1206,-1.7535
2013-11-14,1.134,1.1958
2013-11-15,1.1501,1.4198
2013-11-18,1.1736,2.0433
2013-11-19,1.1683,-0.4516
2013-11-20,1.1708,0.214
2013-11-21,1.1674,-0.2904
2013-11-22,1.1635,-0.3341
2013-11-25,1.1637,0.0172
2013-11-26,1.1657,0.1719
2013-11-27,1.1728,0.6091
2013-11-28,1.1852,1.0573
2013-11-29,1.1887,0.2953
2013-12-02,1.151,-3.1715
2013-12-03,1.1704,1.6855
2013-12-04,1.1798,0.8031
2013-12-05,1.1763,-0.2967
2013-12-06,1.1749,-0.119
2013-12-09,1.1781,0.2724
2013-12-10,1.1743,-0.3226
2013-12-11,1.1587,-1.3285
2013-12-12,1.1592,0.0432
2013-12-13,1.1623,0.2674
2013-12-16,1.1468,-1.3336
2013-12-17,1.1504,0.3139
2013-12-18,1.1511,0.0608
2013-12-19,1.142,-0.7905
2013-12-20,1.1297,-1.0771
2013-12-23,1.1345,0.4249
2013-12-24,1.1462,1.0313
2013-12-25,1.1607,1.265
2013-12-26,1.1433,-1.4991
2013-12-27,1.1634,1.7581
2013-12-30,1.1664,0.2579
2013-12-31,1.1752,0.7545
2014-01-02,1.1733,-0.1617
2014-01-03,1.1687,-0.3921
2014-01-06,1.1451,-2.0193
2014-01-07,1.1485,0.2969
2014-01-08,1.1572,0.7575
2014-01-09,1.1494,-0.674
2014-01-10,1.14,-0.8178
2014-01-13,1.1316,-0.7368
2014-01-14,1.1413,0.8572
2014-01-15,1.1476,0.552
2014-01-16,1.1544,0.5925
2014-01-17,1.1431,-0.9789
2014-01-20,1.1401,-0.2624
2014-01-21,1.1506,0.921
2014-01-22,1.1722,1.8773
2014-01-23,1.1769,0.401
2014-01-24,1.1803,0.2889
2014-01-27,1.1714,-0.754
2014-01-28,1.1712,-0.0171
2014-01-29,1.1915,1.7333
2014-01-30,1.1888,-0.2266
2014-02-07,1.2029,1.1861
2014-02-10,1.2351,2.6769
2014-02-11,1.2356,0.0405
2014-02-12,1.2552,1.5863
2014-02-13,1.2528,-0.1912
2014-02-14,1.2677,1.1893
2014-02-17,1.2879,1.5934
2014-02-18,1.2848,-0.2407
2014-02-19,1.2871,0.179
2014-02-20,1.2877,0.0466
2014-02-21,1.2726,-1.1726
2014-02-24,1.2602,-0.9744
2014-02-25,1.2243,-2.8488
2014-02-26,1.2285,0.3431
2014-02-27,1.2211,-0.6024
2014-02-28,1.2351,1.1465
2014-03-03,1.2594,1.9675
2014-03-04,1.2607,0.1032
2014-03-05,1.2573,-0.2697
2014-03-06,1.2571,-0.0159
2014-03-07,1.2617,0.3659
2014-03-10,1.2255,-2.8691
2014-03-11,1.2292,0.3019
2014-03-12,1.2289,-0.0244
2014-03-13,1.2446,1.2776
2014-03-14,1.2425,-0.1687
2014-03-17,1.257,1.167
2014-03-18,1.2573,0.0239
2014-03-19,1.2473,-0.7954
2014-03-20,1.2183,-2.325
2014-03-21,1.2361,1.4611
2014-03-24,1.2361,0.0
2014-03-25,1.231,-0.4126
2014-03-26,1.2349,0.3168
2014-03-27,1.2152,-1.5953
2014-03-28,1.1936,-1.7775
2014-03-31,1.1968,0.2681
2014-04-01,1.2165,1.6461
2014-04-02,1.213,-0.2877
2014-04-03,1.2181,0.4204
2014-04-04,1.2323,1.1657
2014-04-08,1.2478,1.2578
2014-04-09,1.254,0.4969
2014-04-10,1.2721,1.4434
2014-04-11,1.2737,0.1258
2014-04-14,1.2778,0.3219
2014-04-15,1.2669,-0.853
2014-04-16,1.2611,-0.4578
2014-04-17,1.2625,0.111
2014-04-18,1.2659,0.2693
2014-04-21,1.2548,-0.8768
2014-04-22,1.2436,-0.8926
2014-04-23,1.2419,-0.1367
2014-04-24,1.2381,-0.306
2014-04-25,1.2189,-1.5508
2014-04-28,1.1927,-2.1495
2014-04-29,1.2085,1.3247
2014-04-30,1.2143,0.4799
2014-05-05,1.2172,0.2388
2014-05-06,1.2246,0.608
2014-05-07,1.2103,-1.1677
2014-05-08,1.2084,-0.157
2014-05-09,1.2004,-0.662
2014-05-12,1.2184,1.4995
2014-05-13,1.2182,-0.0164
2014-05-14,1.2154,-0.2298
2014-05-15,1.1981,-1.4234
2014-05-16,1.1923,-0.4841
2014-05-19,1.1801,-1.0232
2014-05-20,1.1751,-0.4237
2014-05-21,1.1884,1.1318
2014-05-22,1.1893,0.0757
2014-05-23,1.1986,0.782
2014-05-26,1.2087,0.8426
2014-05-27,1.2026,-0.5047
2014-05-28,1.2118,0.765
2014-05-29,1.2107,-0.0908
2014-05-30,1.2097,-0.0826
2014-06-03,1.2026,-0.5869
2014-06-04,1.1989,-0.3077
2014-06-05,1.2102,0.9425
2014-06-06,1.2088,-0.1157
2014-06-09,1.2077,-0.091
2014-06-10,1.2208,1.0847
2014-06-11,1.2299,0.7454
2014-06-12,1.2302,0.0244
2014-06-13,1.2416,0.9267
2014-06-16,1.2491,0.6041
2014-06-17,1.2354,-1.0968
2014-06-18,1.2298,-0.4533
2014-06-19,1.2114,-1.4962
2014-06-20,1.2224,0.908
2014-06-23,1.2292,0.5563
2014-06-24,1.2405,0.9193
2014-06-25,1.2414,0.0726
2014-06-26,1.2563,1.2003
2014-06-27,1.2573,0.0796
2014-06-30,1.2657,0.6681
2014-07-01,1.2691,0.2686
2014-07-02,1.271,0.1497
2014-07-03,1.2784,0.5822
2014-07-04,1.27,-0.6571
2014-07-07,1.2639,-0.4803
2014-07-08,1.2696,0.451
2014-07-09,1.2486,-1.6541
2014-07-10,1.2388,-0.7849
2014-07-11,1.2521,1.0736
2014-07-14,1.2756,1.8768
2014-07-15,1.2819,0.4939
2014-07-16,1.2699,-0.9361
2014-07-17,1.2613,-0.6772
2014-07-18,1.2692,0.6263
2014-07-21,1.2671,-0.1655
2014-07-22,1.2882,1.6652
2014-07-23,1.2803,-0.6133
2014-07-24,1.2769,-0.2656
2014-07-25,1.2847,0.6109
2014-07-28,1.3084,1.8448
2014-07-29,1.3164,0.6114
2014-07-30,1.3145,-0.1443
2014-07-31,1.3262,0.8901
2014-08-01,1.3191,-0.5354
2014-08-04,1.3355,1.2433
2014-08-05,1.3373,0.1348
2014-08-06,1.3418,0.3365
2014-08-07,1.3323,-0.708
2014-08-08,1.3355,0.2402
2014-08-11,1.3572,1.6249
2014-08-12,1.3551,-0.1547
2014-08-13,1.3548,-0.0221
2014-08-14,1.3402,-1.0776
2014-08-15,1.3515,0.8432
2014-08-18,1.369,1.2949
2014-08-19,1.3669,-0.1534
2014-08-20,1.3614,-0.4024
2014-08-21,1.3625,0.0808
2014-08-22,1.3653,0.2055
2014-08-25,1.3575,-0.5713
2014-08-26,1.3512,-0.4641
2014-08-27,1.3592,0.5921
2014-08-28,1.3513,-0.5812
2014-08-29,1.3653,1.036
2014-09-01,1.3823,1.2451
2014-09-02,1.3947,0.8971
2014-09-03,1.4124,1.2691
2014-09-04,1.4133,0.0637
2014-09-05,1.4169,0.2547
2014-09-09,1.418,0.0776
2014-09-10,1.4222,0.2962
2014-09-11,1.412,-0.7172
2014-09-12,1.4169,0.347
2014-09-15,1.4147,-0.1553
2014-09-16,1.3746,-2.8345
2014-09-17,1.3796,0.3637
2014-09-18,1.3912,0.8408
2014-09-19,1.4033,0.8698
2014-09-22,1.3876,-1.1188
2014-09-23,1.3996,0.8648
2014-09-24,1.4164,1.2003
2014-09-25,1.4145,-0.1341
2014-09-26,1.4188,0.304
2014-09-29,1.4261,0.5145
2014-09-30,1.4329,0.4768
2014-10-08,1.4491,1.1306
2014-10-09,1.447,-0.1449
2014-10-10,1.4398,-0.4976
2014-10-13,1.4364,-0.2361
2014-10-14,1.4275,-0.6196
2014-10-15,1.4333,0.4063
2014-10-16,1.4217,-0.8093
2014-10-17,1.4104,-0.7948
2014-10-20,1.4246,1.0068
2014-10-21,1.413,-0.8143
2014-10-22,1.4008,-0.8634
2014-10-23,1.3826,-1.2993
2014-10-24,1.3851,0.1808
2014-10-27,1.392,0.4982
2014-10-28,1.412,1.4368
2014-10-29,1.4227,0.7578
2014-10-30,1.4223,-0.0281
2014-10-31,1.4195,-0.1969
2014-11-03,1.4157,-0.2677
2014-11-04,1.4128,-0.2048
2014-11-05,1.4092,-0.2548
2014-11-06,1.4168,0.5393
2014-11-07,1.4104,-0.4517
2014-11-10,1.4225,0.8579
2014-11-11,1.3974,-1.7645
2014-11-12,1.4092,0.8444
2014-11-13,1.3921,-1.2135
2014-11-14,1.3989,0.4885
2014-11-17,1.3991,0.0143
2014-11-18,1.3916,-0.5361
2014-11-19,1.3929,0.0934
2014-11-20,1.3931,0.0144
2014-11-21,1.406,0.926
2014-11-24,1.4264,1.4509
2014-11-25,1.4348,0.5889
2014-11-26,1.4485,0.9548
2014-11-27,1.4636,1.0425
2014-11-28,1.4743,0.7311
2014-12-01,1.4643,-0.6783
2014-12-02,1.4995,2.4039
2014-12-03,1.5126,0.8736
2014-12-04,1.5857,4.8327
2014-12-05,1.5697,-1.009
2014-12-08,1.5956,1.65
2014-12-09,1.5094,-5.4024
2014-12-10,1.5538,2.9416
2014-12-11,1.5433,-0.6758
2014-12-12,1.5554,0.784
2014-12-15,1.5755,1.2923
2014-12-16,1.5887,0.8378
2014-12-17,1.5837,-0.3147
2014-12-18,1.5799,-0.2399
2014-12-19,1.5677,-0.7722
2014-12-22,1.5584,-0.5932
2014-12-23,1.5426,-1.0139
2014-12-24,1.5289,-0.8881
2014-12-25,1.559,1.9687
2014-12-26,1.5863,1.7511
2014-12-29,1.5942,0.498
2014-12-30,1.5982,0.2509
2014-12-31,1.6256,1.7144
2015-01-05,1.6757,3.0819
2015-01-06,1.6823,0.3939
2015-01-07,1.6708,-0.6836
2015-01-08,1.655,-0.9457
2015-01-09,1.6542,-0.0483
2015-01-12,1.6489,-0.3204
2015-01-13,1.6598,0.661
2015-01-14,1.6534,-0.3856
2015-01-15,1.675,1.3064
2015-01-16,1.6844,0.5612
2015-01-19,1.6172,-3.9896
2015-01-20,1.6564,2.4239
2015-01-21,1.6982,2.5235
2015-01-22,1.7035,0.3121
2015-01-23,1.6992,-0.2524
2015-01-26,1.7163,1.0064
2015-01-27,1.7088,-0.437
2015-01-28,1.6914,-1.0183
2015-01-29,1.6687,-1.3421
2015-01-30,1.6549,-0.827
2015-02-02,1.6458,-0.5499
2015-02-03,1.6734,1.677
2015-02-04,1.6628,-0.6334
2015-02-05,1.65,-0.7698
2015-02-06,1.6303,-1.1939
2015-02-09,1.6404,0.6195
2015-02-10,1.6501,0.5913
2015-02-11,1.6676,1.0605
2015-02-12,1.6815,0.8335
2015-02-13,1.7036,1.3143
2015-02-16,1.7438,2.3597
2015-02-17,1.7702,1.5139
2015-02-25,1.7496,-1.1637
2015-02-26,1.7621,0.7144
2015-02-27,1.7841,1.2485
2015-03-02,1.804,1.1154
2015-03-03,1.7735,-1.6907
2015-03-04,1.7973,1.342
2015-03-05,1.8121,0.8235
2015-03-06,1.7708,-2.2791
2015-03-09,1.7996,1.6264
2015-03-10,1.8336,1.8893
2015-03-11,1.8252,-0.4581
2015-03-12,1.8198,-0.2959
2015-03-13,1.8368,0.9342
2015-03-16,1.8885,2.8147
2015-03-17,1.8924,0.2065
2015-03-18,1.9263,1.7914
2015-03-19,1.9252,-0.0571
2015-03-20,1.938,0.6649
2015-03-23,1.9682,1.5583
2015-03-24,1.9921,1.2143
2015-03-25,2.0209,1.4457
2015-03-26,2.008,-0.6383
2015-03-27,2.032,1.1952
2015-03-30,2.0517,0.9695
2015-03-31,2.056,0.2096
2015-04-01,2.1066,2.4611
2015-04-02,2.1287,1.0491
2015-04-03,2.1697,1.9261
2015-04-07,2.2073,1.733
2015-04-08,2.1828,-1.11
2015-04-09,2.1715,-0.5177
2015-04-10,2.2436,3.3203
2015-04-13,2.2903,2.0815
2015-04-14,2.2663,-1.0479
2015-04-15,2.1793,-3.8389
2015-04-16,2.2141,1.5968
2015-04-17,2.204,-0.4562
2015-04-20,2.1502,-2.441
2015-04-21,2.2161,3.0648
2015-04-22,2.2782,2.8022
2015-04-23,2.3016,1.0271
2015-04-24,2.2971,-0.1955
2015-04-27,2.3065,0.4092
2015-04-28,2.2263,-3.4771
2015-04-29,2.271,2.0078
2015-04-30,2.2908,0.8719
2015-05-04,2.2941,0.1441
2015-05-05,2.2413,-2.3016
2015-05-06,2.2452,0.174
2015-05-07,2.2099,-1.5722
2015-05-08,2.2823,3.2762
2015-05-11,2.3506,2.9926
2015-05-12,2.374,0.9955
2015-05-13,2.383,0.3791
2015-05-14,2.398,0.6295
2015-05-15,2.4025,0.1877
2015-05-18,2.4324,1.2445
2015-05-19,2.4679,1.4595
2015-05-20,2.4913,0.9482
2015-05-21,2.565,2.9583
2015-05-22,2.5922,1.0604
2015-05-25,2.6382,1.7746
2015-05-26,2.6848,1.7664
2015-05-27,2.6999,0.5624
2015-05-28,2.6049,-3.5186
2015-05-29,2.6216,0.6411
2015-06-01,2.7157,3.5894
2015-06-02,2.7829,2.4745
2015-06-03,2.7869,0.1437
2015-06-04,2.7665,-0.732
2015-06-05,2.8239,2.0748
2015-06-08,2.83,0.216
2015-06-09,2.8155,-0.5124
2015-06-10,2.8608,1.609
2015-06-11,2.8986,1.3213
2015-06-12,2.9566,2.001
2015-06-15,2.9268,-1.0079
2015-06-16,2.8461,-2.7573
2015-06-17,2.8964,1.7673
2015-06-18,2.8308,-2.2649
2015-06-19,2.7354,-3.3701
2015-06-23,2.7645,1.0638
2015-06-24,2.7994,1.2624
2015-06-25,2.7119,-3.1257
2015-06-26,2.5586,-5.6529
2015-06-29,2.4653,-3.6465
2015-06-30,2.5808,4.685
2015-07-01,2.4815,-3.8476
2015-07-02,2.3752,-4.2837
2015-07-03,2.2913,-3.5323
2015-07-06,2.2921,0.0349
2015-07-07,2.2174,-3.259
2015-07-08,2.1355,-3.6935
2015-07-09,2.2267,4.2707
2015-07-10,2.3353,4.8772
2015-07-13,2.4511,4.9587
2015-07-14,2.5026,2.1011
2015-07-15,2.3919,-4.4234
2015-07-16,2.4287,1.5385
2015-07-17,2.5377,4.488
2015-07-20,2.5806,1.6905
2015-07-21,2.6037,0.8951
2015-07-22,2.6077,0.1536
2015-07-23,2.6794,2.7495
2015-07-24,2.6243,-2.0564
2015-07-27,2.439,-7.0609
2015-07-28,2.395,-1.804
2015-07-29,2.4786,3.4906
2015-07-30,2.4162,-2.5176
2015-07-31,2.4175,0.0538
2015-08-03,2.38,-1.5512
2015-08-04,2.478,4.1176
2015-08-05,2.45,-1.1299
2015-08-06,2.4286,-0.8735
2015-08-07,2.4845,2.3017
2015-08-10,2.5867,4.1135
2015-08-11,2.5813,-0.2088
2015-08-12,2.5432,-1.476
2015-08-13,2.5903,1.852
2015-08-14,2.597,0.2587
2015-08-17,2.6084,0.439
2015-08-18,2.4722,-5.2216
2015-08-19,2.5127,1.6382
2015-08-20,2.4656,-1.8745
2015-08-21,2.3539,-4.5303
2015-08-24,2.2171,-5.8116
2015-08-25,2.1179,-4.4743
2015-08-26,2.098,-0.9396
2015-08-27,2.1814,3.9752
2015-08-28,2.2712,4.1166
2015-08-31,2.2122,-2.5977
2015-09-01,2.1099,-4.6244
2015-09-02,2.0841,-1.2228
2015-09-07,2.0914,0.3503
2015-09-08,2.1741,3.9543
2015-09-09,2.2523,3.5969
2015-09-10,2.2492,-0.1376
2015-09-11,2.2576,0.3735
2015-09-14,2.1253,-5.8602
2015-09-15,2.0512,-3.4866
2015-09-16,2.1823,6.3914
2015-09-17,2.1649,-0.7973
2015-09-18,2.2088,2.0278
2015-09-21,2.2828,3.3502
2015-09-22,2.297,0.622
2015-09-23,2.2702,-1.1667
2015-09-24,2.2893,0.8413
2015-09-25,2.221,-2.9834
2015-09-28,2.2927,3.2283
2015-09-29,2.2693,-1.0206
2015-09-30,2.2523,-0.7491
2015-10-08,2.3457,4.1469
2015-10-09,2.3878,1.7948
2015-10-12,2.4869,4.1503
2015-10-13,2.4982,0.4544
2015-10-14,2.4646,-1.345
2015-10-15,2.5388,3.0106
2015-10-16,2.5597,0.8232
2015-10-19,2.5392,-0.8009
2015-10-20,2.5847,1.7919
2015-10-21,2.4373,-5.7028
2015-10-22,2.5152,3.1962
2015-10-23,2.584,2.7354
2015-10-26,2.6117,1.072
2015-10-27,2.646,1.3133
2015-10-28,2.5827,-2.3923
2015-10-29,2.5835,0.031
2015-10-30,2.6121,1.107
2015-11-02,2.6009,-0.4288
2015-11-03,2.6141,0.5075
2015-11-04,2.7528,5.3058
2015-11-05,2.7371,-0.5703
2015-11-06,2.829,3.3576
2015-11-09,2.88,1.8028
2015-11-10,2.9013,0.7396
2015-11-11,2.9407,1.358
2015-11-12,2.9677,0.9181
2015-11-13,2.9036,-2.1599
2015-11-16,2.9531,1.7048
2015-11-17,2.9373,-0.535
2015-11-18,2.9012,-1.229
2015-11-19,2.9919,3.1263
2015-11-20,3.0305,1.2902
2015-11-23,2.9923,-1.2605
2015-11-24,3.0359,1.4571
2015-11-25,3.1006,2.1312
2015-11-26,3.0658,-1.1224
2015-11-27,2.9145,-4.9351
2015-11-30,2.9732,2.0141
2015-12-01,2.9329,-1.3554
2015-12-02,2.8815,-1.7525
2015-12-03,2.9595,2.7069
2015-12-04,2.9482,-0.3818
2015-12-07,2.9861,1.2855
2015-12-08,2.9863,0.0067
2015-12-09,3.0065,0.6764
2015-12-10,2.9918,-0.4889
2015-12-11,2.9418,-1.6712
2015-12-14,2.9595,0.6017
2015-12-15,2.9945,1.1826
2015-12-16,3.0416,1.5729
2015-12-17,3.1119,2.3113
2015-12-18,3.0886,-0.7487
2015-12-21,3.1232,1.1202
2015-12-22,3.1416,0.5891
2015-12-23,3.1004,-1.3114
2015-12-24,3.0904,-0.3225
2015-12-25,3.1168,0.8543
2015-12-28,3.0468,-2.2459
2015-12-29,3.0618,0.4923
2015-12-30,3.1008,1.2738
2015-12-31,3.0454,-1.7866
2016-01-04,2.8101,-7.7264
2016-01-05,2.7459,-2.2846
2016-01-06,2.7993,1.9447
2016-01-07,2.5779,-7.9091
2016-01-08,2.6062,1.0978
2016-01-11,2.4708,-5.1953
2016-01-12,2.5055,1.4044
2016-01-13,2.424,-3.2528
2016-01-14,2.5084,3.4818
2016-01-15,2.4302,-3.1175
2016-01-18,2.4614,1.2838
2016-01-19,2.553,3.7215
2016-01-20,2.5166,-1.4258
2016-01-21,2.4407,-3.016
2016-01-22,2.4775,1.5078
2016-01-25,2.5254,1.9334
2016-01-26,2.3691,-6.1891
2016-01-27,2.3694,0.0127
2016-01-28,2.2768,-3.9082
2016-01-29,2.3477,3.114
2016-02-01,2.3168,-1.3162
2016-02-02,2.3909,3.1984
2016-02-03,2.4017,0.4517
2016-02-04,2.4414,1.653
2016-02-05,2.4221,-0.7905
2016-02-15,2.4449,0.9413
2016-02-16,2.5532,4.4296
2016-02-17,2.5792,1.0183
2016-02-18,2.57,-0.3567
2016-02-19,2.5768,0.2646
2016-02-22,2.6248,1.8628
2016-02-23,2.6427,0.682
2016-02-24,2.6306,-0.4579
2016-02-25,2.4586,-6.5384
2016-02-26,2.4602,0.0651
2016-02-29,2.3648,-3.8777
2016-03-01,2.3945,1.2559
2016-03-02,2.4863,3.8338
2016-03-03,2.4833,-0.1207
2016-03-04,2.4469,-1.4658
2016-03-07,2.476,1.1893
2016-03-08,2.4769,0.0363
2016-03-09,2.4416,-1.4252
2016-03-10,2.4267,-0.6103
2016-03-11,2.422,-0.1937
2016-03-14,2.4841,2.564
2016-03-15,2.4607,-0.942
2016-03-16,2.4484,-0.4999
2016-03-17,2.5257,3.1572
2016-03-18,2.6001,2.9457
2016-03-21,2.6334,1.2807
2016-03-22,2.6448,0.4329
2016-03-23,2.67,0.9528
2016-03-24,2.6603,-0.3633
2016-03-25,2.6812,0.7856
2016-03-28,2.6701,-0.414
2016-03-29,2.6298,-1.5093
2016-03-30,2.7123,3.1371
2016-03-31,2.7281,0.5825
2016-04-01,2.6873,-1.4955
2016-04-05,2.7433,2.0839
2016-04-06,2.7601,0.6124
2016-04-07,2.7108,-1.7862
2016-04-08,2.6832,-1.0181
2016-04-11,2.7284,1.6846
2016-04-12,2.7046,-0.8723
2016-04-13,2.7314,0.9909
2016-04-14,2.7554,0.8787
2016-04-15,2.761,0.2032
2016-04-18,2.7446,-0.594
2016-04-19,2.7411,-0.1275
2016-04-20,2.6271,-4.1589
2016-04-21,1.0,-0.5743
2016-04-22,1.0125,1.25
2016-04-25,1.0092,-0.3259
2016-04-26,1.0173,0.8026
2016-04-27,1.0176,0.0295
2016-04-28,1.0161,-0.1474
2016-04-29,1.0277,1.1416
2016-05-03,1.0567,2.8218
2016-05-04,1.0487,-0.7571
2016-05-05,1.0506,0.1812
2016-05-06,1.0167,-3.2267
2016-05-09,0.9955,-2.0852
2016-05-10,1.0066,1.115
2016-05-11,1.0107,0.4073
2016-05-12,1.0125,0.1781
2016-05-13,1.0108,-0.1679
2016-05-16,1.0266,1.5631
2016-05-17,1.0244,-0.2143
2016-05-18,0.9938,-2.9871
2016-05-19,0.9948,0.1006
2016-05-20,1.0026,0.7841
2016-05-23,1.0268,2.4137
2016-05-24,1.0151,-1.1395
2016-05-25,1.007,-0.798
2016-05-26,1.0099,0.288
2016-05-27,1.0102,0.0297
2016-05-30,1.0096,-0.0594
2016-05-31,1.0446,3.4667
2016-06-01,1.0513,0.6414
2016-06-02,1.0545,0.3044
2016-06-03,1.0624,0.7492
2016-06-06,1.0656,0.3012
2016-06-07,1.0679,0.2158
2016-06-08,1.0581,-0.9177
2016-06-13,1.0106,-4.4892
2016-06-14,1.016,0.5343
2016-06-15,1.0506,3.4055
2016-06-16,1.0436,-0.6663
2016-06-17,1.0611,1.6769
2016-06-20,1.0646,0.3298
2016-06-21,1.0566,-0.7515
2016-06-22,1.0689,1.1641
2016-06-23,1.0612,-0.7204
2016-06-24,1.0526,-0.8104
2016-06-27,1.0825,2.8406
2016-06-28,1.0884,0.545
2016-06-29,1.0848,-0.3308
2016-06-30,1.0884,0.3319
2016-07-01,1.087,-0.1286
2016-07-04,1.1011,1.2971
2016-07-05,1.1025,0.1271
2016-07-06,1.1136,1.0068
2016-07-07,1.115,0.1257
2016-07-08,1.114,-0.0897
2016-07-11,1.1049,-0.8169
2016-07-12,1.1135,0.7784
2016-07-13,1.1207,0.6466
2016-07-14,1.1208,0.0089
2016-07-15,1.1149,-0.5264
2016-07-18,1.108,-0.6189
2016-07-19,1.1086,0.0542
2016-07-20,1.1108,0.1984
2016-07-21,1.1139,0.2791
2016-07-22,1.1036,-0.9247
2016-07-25,1.1022,-0.1269
2016-07-26,1.1174,1.3791
2016-07-27,1.0841,-2.9801
2016-07-28,1.0851,0.0922
2016-07-29,1.0841,-0.0922
2016-08-01,1.0703,-1.2729
2016-08-02,1.0812,1.0184
2016-08-03,1.0822,0.0925
2016-08-04,1.0884,0.5729
2016-08-05,1.0851,-0.3032
2016-08-08,1.0957,0.9769
2016-08-09,1.1069,1.0222
2016-08-10,1.1083,0.1265
2016-08-11,1.1013,-0.6316
2016-08-12,1.1067,0.4903
2016-08-15,1.1258,1.7259
2016-08-16,1.126,0.0178
2016-08-17,1.13,0.3552
2016-08-18,1.1204,-0.8496
2016-08-19,1.1211,0.0625
2016-08-22,1.1101,-0.9812
2016-08-23,1.115,0.4414
2016-08-24,1.1185,0.3139
2016-08-25,1.1224,0.3487
2016-08-26,1.1247,0.2049
2016-08-29,1.1291,0.3912
2016-08-30,1.1292,0.0089
2016-08-31,1.1272,-0.1771
2016-09-01,1.1214,-0.5145
2016-09-02,1.113,-0.7491
2016-09-05,1.1185,0.4942
2016-09-06,1.1377,1.7166
2016-09-07,1.1446,0.6065
2016-09-08,1.1414,-0.2796
2016-09-09,1.1413,-0.0088
2016-09-12,1.1112,-2.6373
2016-09-13,1.1221,0.9809
2016-09-14,1.1143,-0.6951
2016-09-19,1.1267,1.1128
2016-09-20,1.1286,0.1686
2016-09-21,1.1281,-0.0443
2016-09-22,1.1399,1.046
2016-09-23,1.1384,-0.1316
2016-09-26,1.1194,-1.669
2016-09-27,1.1259,0.5807
2016-09-28,1.1276,0.151
2016-09-29,1.1326,0.4434
2016-09-30,1.1413,0.7681
2016-10-10,1.1676,2.3044
2016-10-11,1.1721,0.3854
2016-10-12,1.1682,-0.3327
2016-10-13,1.1719,0.3167
2016-10-14,1.1648,-0.6059
2016-10-17,1.1597,-0.4378
2016-10-18,1.1731,1.1555
2016-10-19,1.167,-0.52
2016-10-20,1.1631,-0.3342
2016-10-21,1.1544,-0.748
2016-10-24,1.163,0.745
2016-10-25,1.1653,0.1978
2016-10-26,1.1574,-0.6779
2016-10-27,1.1574,0.0
2016-10-28,1.1522,-0.4493
2016-10-31,1.1482,-0.3472
2016-11-01,1.1595,0.9841
2016-11-02,1.1508,-0.7503
2016-11-03,1.1524,0.139
2016-11-04,1.1498,-0.2256
2016-11-07,1.1473,-0.2174
2016-11-08,1.1523,0.4358
2016-11-09,1.1463,-0.5207
2016-11-10,1.1598,1.1777
2016-11-11,1.1552,-0.3966
2016-11-14,1.1511,-0.3549
2016-11-15,1.1539,0.2432
2016-11-16,1.1568,0.2513
2016-11-17,1.1543,-0.2161
2016-11-18,1.1485,-0.5025
2016-11-21,1.1453,-0.2786
2016-11-22,1.1487,0.2969
2016-11-23,1.1456,-0.2699
2016-11-24,1.1466,0.0873
2016-11-25,1.1496,0.2616
2016-11-28,1.1484,-0.1044
2016-11-29,1.1457,-0.2351
2016-11-30,1.1373,-0.7332
2016-12-01,1.1374,0.0088
2016-12-02,1.1251,-1.0814
2016-12-05,1.1205,-0.4089
2016-12-06,1.1238,0.2945
2016-12-07,1.1349,0.9877
2016-12-08,1.1284,-0.5727
2016-12-09,1.1217,-0.5938
2016-12-12,1.0827,-3.4769
2016-12-13,1.0894,0.6188
2016-12-14,1.0812,-0.7527
2016-12-15,1.0803,-0.0832
2016-12-16,1.0912,1.009
2016-12-19,1.087,-0.3849
2016-12-20,1.0818,-0.4784
2016-12-21,1.0907,0.8227
2016-12-22,1.0903,-0.0367
2016-12-23,1.0789,-1.0456
2016-12-26,1.0834,0.4171
2016-12-27,1.0846,0.1108
2016-12-28,1.0799,-0.4333
2016-12-29,1.0752,-0.4352
2016-12-30,1.0786,0.3162
2016-12-31,1.0785,-0.0093
2017-01-03,1.0849,0.5841
2017-01-04,1.0939,0.8296
2017-01-05,1.0947,0.0731
2017-01-06,1.0868,-0.7217
2017-01-09,1.0913,0.4141
2017-01-10,1.0878,-0.3207
2017-01-11,1.0752,-1.1583
2017-01-12,1.062,-1.2277
2017-01-13,1.0471,-1.403
2017-01-16,1.0233,-2.2729
2017-01-17,1.0287,0.5277
2017-01-18,1.0321,0.3305
2017-01-19,1.0296,-0.2422
2017-01-20,1.0416,1.1655
2017-01-23,1.0468,0.4992
2017-01-24,1.0445,-0.2197
2017-01-25,1.0472,0.2585
2017-01-26,1.0528,0.5348
2017-02-03,1.0504,-0.228
2017-02-06,1.0576,0.6855
2017-02-07,1.0569,-0.0662
2017-02-08,1.0595,0.246
2017-02-09,1.0634,0.3681
2017-02-10,1.0681,0.442
2017-02-13,1.074,0.5524
2017-02-14,1.0708,-0.298
2017-02-15,1.0642,-0.6164
2017-02-16,1.0694,0.4886
2017-02-17,1.0615,-0.7387
2017-02-20,1.0704,0.8384
2017-02-21,1.0766,0.5792
2017-02-22,1.08,0.3158
2017-02-23,1.0797,-0.0278
2017-02-24,1.0818,0.1945
2017-02-27,1.0755,-0.5824
2017-02-28,1.0777,0.2046
2017-03-01,1.0793,0.1485
2017-03-02,1.0812,0.176
2017-03-03,1.0831,0.1757
2017-03-06,1.0914,0.7663
2017-03-07,1.0994,0.733
2017-03-08,1.0946,-0.4366
2017-03-09,1.087,-0.6943
2017-03-10,1.0891,0.1932
2017-03-13,1.0977,0.7896
2017-03-14,1.0933,-0.4008
2017-03-15,1.0918,-0.1372
2017-03-16,1.0979,0.5587
2017-03-17,1.0896,-0.756
2017-03-20,1.0916,0.1836
2017-03-21,1.0915,-0.0092
2017-03-22,1.0877,-0.3481
2017-03-23,1.0902,0.2298
2017-03-24,1.098,0.7155
2017-03-27,1.0892,-0.8015
2017-03-28,1.0873,-0.1744
2017-03-29,1.0795,-0.7174
2017-03-30,1.0634,-1.4914
2017-03-31,1.0686,0.489
2017-04-05,1.0825,1.3008
2017-04-06,1.0838,0.1201
2017-04-07,1.0846,0.0738
2017-04-10,1.0772,-0.6823
2017-04-11,1.0818,0.427
2017-04-12,1.0734,-0.7765
2017-04-13,1.0764,0.2795
2017-04-14,1.0638,-1.1706
2017-04-17,1.0547,-0.8554
2017-04-18,1.0562,0.1422
2017-04-19,1.0528,-0.3219
2017-04-20,1.0587,0.5604
2017-04-21,1.0578,-0.085
2017-04-24,1.0447,-1.2384
2017-04-25,1.0508,0.5839
2017-04-26,1.051,0.019
2017-04-27,1.0503,-0.0666
2017-04-28,1.0484,-0.1809
2017-05-02,1.0441,-0.4101
2017-05-03,1.0423,-0.1724
2017-05-04,1.0355,-0.6524
2017-05-05,1.0239,-1.1202
2017-05-08,1.0106,-1.299
2017-05-09,1.0168,0.6135
2017-05-10,1.0065,-1.013
2017-05-11,1.0124,0.5862
2017-05-12,1.0143,0.1877
2017-05-15,1.0225,0.8084
2017-05-16,1.0382,1.5355
2017-05-17,1.0342,-0.3853
2017-05-18,1.0318,-0.2321
2017-05-19,1.0324,0.0582
2017-05-22,1.0327,0.0291
2017-05-23,1.0271,-0.5423
2017-05-24,1.0259,-0.1168
2017-05-25,1.0413,1.5011
2017-05-26,1.0421,0.0768
2017-05-31,1.044,0.1823
2017-06-01,1.0354,-0.8238
2017-06-02,1.0315,-0.3767
2017-06-05,1.0308,-0.0679
2017-06-06,1.0424,1.1253
2017-06-07,1.0621,1.8899
2017-06-08,1.0722,0.9509
2017-06-09,1.0789,0.6249
2017-06-12,1.0859,0.6488
2017-06-13,1.0928,0.6354
2017-06-14,1.0798,-1.1896
2017-06-15,1.0757,-0.3797
2017-06-16,1.0735,-0.2045
2017-06-19,1.0838,0.9595
2017-06-20,1.0796,-0.3875
2017-06-21,1.0985,1.7506
2017-06-22,1.0921,-0.5826
2017-06-23,1.1041,1.0988
2017-06-26,1.1198,1.422
2017-06-27,1.1208,0.0893
2017-06-28,1.104,-1.4989
2017-06-29,1.1151,1.0054
2017-06-30,1.1156,0.0448
2017-07-03,1.1079,-0.6902
2017-07-04,1.0989,-0.8123
2017-07-05,1.1186,1.7927
2017-07-06,1.1205,0.1699
2017-07-07,1.1178,-0.241
2017-07-10,1.1126,-0.4652
2017-07-11,1.1161,0.3146
2017-07-12,1.1065,-0.8601
2017-07-13,1.1077,0.1085
2017-07-14,1.1163,0.7764
2017-07-17,1.0988,-1.5677
2017-07-18,1.0982,-0.0546
2017-07-19,1.1049,0.6101
2017-07-20,1.1157,0.9775
2017-07-21,1.1112,-0.4033
2017-07-24,1.1145,0.297
2017-07-25,1.1089,-0.5025
2017-07-26,1.1002,-0.7846
2017-07-27,1.106,0.5272
2017-07-28,1.1141,0.7324
2017-07-31,1.1209,0.6104
2017-08-01,1.1373,1.4631
2017-08-02,1.1342,-0.2726
2017-08-03,1.1168,-1.5341
2017-08-04,1.1048,-1.0745
2017-08-07,1.1168,1.0862
2017-08-08,1.1185,0.1522
2017-08-09,1.1266,0.7242
2017-08-10,1.1222,-0.3906
2017-08-11,1.1096,-1.1228
2017-08-14,1.1228,1.1896
2017-08-15,1.1273,0.4008
2017-08-16,1.1302,0.2573
2017-08-17,1.1277,-0.2212
2017-08-18,1.1313,0.3192
2017-08-21,1.1318,0.0442
2017-08-22,1.1361,0.3799
2017-08-23,1.1362,0.0088
2017-08-24,1.1268,-0.8273
2017-08-25,1.1426,1.4022
2017-08-28,1.1559,1.164
2017-08-29,1.1555,-0.0346
2017-08-30,1.155,-0.0433
2017-08-31,1.1536,-0.1212
2017-09-01,1.1573,0.3207
2017-09-04,1.156,-0.1123
2017-09-05,1.1694,1.1592
2017-09-06,1.1666,-0.2394
2017-09-07,1.1566,-0.8572
2017-09-08,1.1577,0.0951
2017-09-11,1.159,0.1123
2017-09-12,1.166,0.604
2017-09-13,1.1697,0.3173
2017-09-14,1.1625,-0.6155
2017-09-15,1.1613,-0.1032
2017-09-18,1.1709,0.8267
2017-09-19,1.1689,-0.1708
2017-09-20,1.1759,0.5989
2017-09-21,1.1757,-0.017
2017-09-22,1.1776,0.1616
2017-09-25,1.1809,0.2802
2017-09-26,1.181,0.0085
2017-09-27,1.1794,-0.1355
2017-09-28,1.1902,0.9157
2017-09-29,1.199,0.7394
2017-10-09,1.2136,1.2177
2017-10-10,1.2119,-0.1401
2017-10-11,1.2233,0.9407
2017-10-12,1.2289,0.4578
2017-10-13,1.2325,0.2929
2017-10-16,1.2279,-0.3732
2017-10-17,1.2326,0.3828
2017-10-18,1.2488,1.3143
2017-10-19,1.2481,-0.0561
2017-10-20,1.2415,-0.5288
2017-10-23,1.249,0.6041
2017-10-24,1.251,0.1601
2017-10-25,1.2577,0.5356
2017-10-26,1.2752,1.3914
2017-10-27,1.2883,1.0273
2017-10-30,1.2924,0.3182
2017-10-31,1.2932,0.0619
2017-11-01,1.2858,-0.5722
2017-11-02,1.2877,0.1478
2017-11-03,1.294,0.4892
2017-11-06,1.3229,2.2334
2017-11-07,1.3313,0.635
2017-11-08,1.3188,-0.9389
2017-11-09,1.3356,1.2739
2017-11-10,1.374,2.8751
2017-11-13,1.3729,-0.0801
2017-11-14,1.3577,-1.1071
2017-11-15,1.3532,-0.3314
2017-11-16,1.3832,2.217
2017-11-17,1.3754,-0.5639
2017-11-20,1.391,1.1342
2017-11-21,1.4177,1.9195
2017-11-22,1.4042,-0.9522
2017-11-23,1.3485,-3.9667
2017-11-24,1.3411,-0.5488
2017-11-27,1.3144,-1.9909
2017-11-28,1.3225,0.6163
2017-11-29,1.306,-1.2476
2017-11-30,1.2818,-1.853
2017-12-01,1.2853,0.2731
2017-12-04,1.3076,1.735
2017-12-05,1.3071,-0.0382
2017-12-06,1.3022,-0.3749
2017-12-07,1.2883,-1.0674
2017-12-08,1.3158,2.1346
2017-12-11,1.3464,2.3256
2017-12-12,1.3305,-1.1809
2017-12-13,1.354,1.7663
2017-12-14,1.3492,-0.3545
2017-12-15,1.3379,-0.8375
2017-12-18,1.3339,-0.299
2017-12-19,1.3629,2.1741
2017-12-20,1.3743,0.8365
2017-12-21,1.3954,1.5353
2017-12-22,1.3907,-0.3368
2017-12-25,1.3828,-0.5681
2017-12-26,1.3864,0.2603
2017-12-27,1.3566,-2.1495
2017-12-28,1.3689,0.9067
2017-12-29,1.3778,0.6502
2017-12-31,1.3777,0.0
2018-01-02,1.3896,0.8564
2018-01-03,1.3919,0.1655
2018-01-04,1.3976,0.4095
2018-01-05,1.3931,-0.322
2018-01-08,1.3884,-0.3374
2018-01-09,1.4099,1.5485
2018-01-10,1.4143,0.3121
2018-01-11,1.4126,-0.1202
2018-01-12,1.4179,0.3752
2018-01-15,1.4142,-0.2609
2018-01-16,1.4221,0.5586
2018-01-17,1.4109,-0.7876
2018-01-18,1.4104,-0.0354
2018-01-19,1.4049,-0.39
2018-01-22,1.4362,2.2279
2018-01-23,1.4422,0.4178
2018-01-24,1.4454,0.2219
2018-01-25,1.4342,-0.7749
2018-01-26,1.4348,0.0418
2018-01-29,1.3974,-2.6066
2018-01-30,1.3963,-0.0787
2018-01-31,1.3993,0.2149
2018-02-01,1.3721,-1.9438
2018-02-02,1.3887,1.2098
2018-02-05,1.3707,-1.2962
2018-02-06,1.3312,-2.8817
2018-02-07,1.3009,-2.2761
2018-02-08,1.3,-0.0692
2018-02-09,1.2525,-3.6538
2018-02-12,1.2889,2.9062
2018-02-13,1.3017,0.9931
2018-02-14,1.3161,1.1062
2018-02-22,1.359,3.2596
2018-02-23,1.3581,-0.0662
2018-02-26,1.3798,1.5978
2018-02-27,1.3671,-0.9204
2018-02-28,1.355,-0.8851
2018-03-01,1.3666,0.8561
2018-03-02,1.3527,-1.0171
2018-03-05,1.3622,0.7023
2018-03-06,1.3797,1.2847
2018-03-07,1.366,-0.993
2018-03-08,1.3844,1.347
2018-03-09,1.3951,0.7729
2018-03-12,1.407,0.853
2018-03-13,1.3858,-1.5068
2018-03-14,1.3803,-0.3969
2018-03-15,1.3946,1.036
2018-03-16,1.3824,-0.8748
2018-03-19,1.3858,0.2459
2018-03-20,1.3893,0.2526
2018-03-21,1.378,-0.8134
2018-03-22,1.3532,-1.7997
2018-03-23,1.3079,-3.3476
2018-03-26,1.3093,0.107
2018-03-27,1.3226,1.0158
2018-03-28,1.2871,-2.6841
2018-03-29,1.3073,1.5694
2018-03-30,1.3206,1.0174
2018-04-02,1.3205,-0.0076
2018-04-03,1.3177,-0.212
2018-04-04,1.3173,-0.0304
2018-04-09,1.3125,-0.3644
2018-04-10,1.3302,1.3486
2018-04-11,1.3412,0.8269
2018-04-12,1.3268,-1.0737
2018-04-13,1.3144,-0.9346
2018-04-16,1.3089,-0.4184
2018-04-17,1.2781,-2.3531
2018-04-18,1.2779,-0.0156
2018-04-19,1.2946,1.3068
2018-04-20,1.2719,-1.7534
2018-04-23,1.2635,-0.6604
2018-04-24,1.3026,3.0946
2018-04-25,1.3063,0.284
2018-04-26,1.2766,-2.2736
2018-04-27,1.2748,-0.141
2018-05-02,1.2882,1.0511
2018-05-03,1.3042,1.242
2018-05-04,1.3025,-0.1303
2018-05-07,1.3262,1.8196
2018-05-08,1.3426,1.2366
2018-05-09,1.3421,-0.0372
2018-05-10,1.3456,0.2608
2018-05-11,1.3372,-0.6243
2018-05-14,1.3573,1.5031
2018-05-15,1.3759,1.3704
2018-05-16,1.37,-0.4288
2018-05-17,1.3499,-1.4672
2018-05-18,1.3549,0.3704
2018-05-21,1.37,1.1145
2018-05-22,1.373,0.219
2018-05-23,1.3512,-1.5878
2018-05-24,1.3383,-0.9547
2018-05-25,1.3334,-0.3661
2018-05-28,1.3448,0.855
2018-05-29,1.3393,-0.409
2018-05-30,1.3181,-1.5829
2018-05-31,1.3529,2.6402
2018-06-01,1.3271,-1.907
2018-06-04,1.3358,0.6556
2018-06-05,1.3495,1.0256
2018-06-06,1.349,-0.0371
2018-06-07,1.3436,-0.4003
2018-06-08,1.3325,-0.8261
2018-06-11,1.3212,-0.848
2018-06-12,1.3349,1.0369
2018-06-13,1.3231,-0.884
2018-06-14,1.3137,-0.7105
2018-06-15,1.3047,-0.6851
2018-06-19,1.2453,-4.5528
2018-06-20,1.2638,1.4856
2018-06-21,1.2447,-1.5113
2018-06-22,1.2506,0.474
2018-06-25,1.2369,-1.0955
2018-06-26,1.238,0.0889
2018-06-27,1.2052,-2.6494
2018-06-28,1.1864,-1.5599
2018-06-29,1.2263,3.3631
2018-06-30,1.2262,0.0
2018-07-02,1.1973,-2.3648
2018-07-03,1.1954,-0.1587
2018-07-04,1.1783,-1.4305
2018-07-05,1.1543,-2.0368
2018-07-06,1.1639,0.8317
2018-07-09,1.2023,3.2993
2018-07-10,1.2107,0.6987
2018-07-11,1.1894,-1.7593
2018-07-12,1.2197,2.5475
2018-07-13,1.2369,1.4102
2018-07-16,1.2324,-0.3638
2018-07-17,1.2251,-0.5923
2018-07-18,1.2191,-0.4898
2018-07-19,1.2162,-0.2379
2018-07-20,1.226,0.8058
2018-07-23,1.2217,-0.3507
2018-07-24,1.2475,2.1118
2018-07-25,1.2472,-0.024
2018-07-26,1.2262,-1.6838
2018-07-27,1.2251,-0.0897
2018-07-30,1.2119,-1.0775
2018-07-31,1.2127,0.066
2018-08-01,1.1916,-1.7399
2018-08-02,1.1699,-1.8211
2018-08-03,1.143,-2.2993
2018-08-06,1.1196,-2.0472
2018-08-07,1.1526,2.9475
2018-08-08,1.132,-1.7873
2018-08-09,1.1668,3.0742
2018-08-10,1.1721,0.4542
2018-08-13,1.172,-0.0085
2018-08-14,1.1656,-0.5461
2018-08-15,1.1353,-2.5995
2018-08-16,1.122,-1.1715
2018-08-17,1.0967,-2.2549
2018-08-20,1.1026,0.538
2018-08-21,1.1253,2.0588
2018-08-22,1.118,-0.6487
2018-08-23,1.1228,0.4293
2018-08-24,1.1194,-0.3028
2018-08-27,1.1524,2.948
2018-08-28,1.1512,-0.1041
2018-08-29,1.1373,-1.2074
2018-08-30,1.1298,-0.6595
2018-08-31,1.1214,-0.7435
2018-09-03,1.1178,-0.321
2018-09-04,1.1313,1.2077
2018-09-05,1.1109,-1.8032
2018-09-06,1.0966,-1.2872
2018-09-07,1.102,0.4924
2018-09-10,1.0806,-1.9419
2018-09-11,1.0763,-0.3979
2018-09-12,1.0673,-0.8362
2018-09-13,1.0696,0.2155
2018-09-14,1.0698,0.0187
2018-09-17,1.0597,-0.9441
2018-09-18,1.0813,2.0383
2018-09-19,1.1017,1.8866
2018-09-20,1.1005,-0.1089
2018-09-21,1.125,2.2263
2018-09-25,1.1219,-0.2756
2018-09-26,1.1414,1.7381
2018-09-27,1.1343,-0.622
2018-09-28,1.1517,1.534
2018-10-08,1.1034,-4.1938
2018-10-09,1.0992,-0.3806
2018-10-10,1.0887,-0.9552
2018-10-11,1.0437,-4.1334
2018-10-12,1.0635,1.8971
2018-10-15,1.0474,-1.5139
2018-10-16,1.0307,-1.5944
2018-10-17,1.0308,0.0097
2018-10-18,1.0081,-2.2022
2018-10-19,1.0434,3.5016
2018-10-22,1.09,4.4662
2018-10-23,1.0613,-2.633
2018-10-24,1.0507,-0.9988
2018-10-25,1.0418,-0.8471
2018-10-26,1.0303,-1.1039
2018-10-29,0.9996,-2.9797
2018-10-30,0.9982,-0.1401
2018-10-31,1.017,1.8834
2018-11-01,1.0317,1.4454
2018-11-02,1.0825,4.9239
2018-11-05,1.0875,0.4619
2018-11-06,1.0815,-0.5517
2018-11-07,1.0724,-0.8414
2018-11-08,1.0666,-0.5408
2018-11-09,1.0631,-0.3281
2018-11-12,1.0858,2.1353
2018-11-13,1.0942,0.7736
2018-11-14,1.0836,-0.9687
2018-11-15,1.0925,0.8213
2018-11-16,1.0976,0.4668
2018-11-19,1.1001,0.2278
2018-11-20,1.0756,-2.2271
2018-11-21,1.0838,0.7624
2018-11-22,1.0778,-0.5536
2018-11-23,1.0546,-2.1525
2018-11-26,1.0523,-0.2181
2018-11-27,1.0558,0.3326
2018-11-28,1.0756,1.8754
2018-11-29,1.0645,-1.032
2018-11-30,1.0715,0.6576
2018-12-03,1.1011,2.7625
2018-12-04,1.1011,0.0
2018-12-05,1.107,0.5358
2018-12-06,1.0897,-1.5628
2018-12-07,1.0861,-0.3304
2018-12-10,1.078,-0.7458
2018-12-11,1.0807,0.2505
2018-12-12,1.0828,0.1943
2018-12-13,1.0997,1.5608
2018-12-14,1.0793,-1.8551
2018-12-17,1.0691,-0.9451
2018-12-18,1.0595,-0.898
2018-12-19,1.0419,-1.6612
2018-12-20,1.041,-0.0864
2018-12-21,1.0368,-0.4035
2018-12-24,1.0498,1.2539
2018-12-25,1.0486,-0.1143
2018-12-26,1.0424,-0.5913
2018-12-27,1.0299,-1.1992
2018-12-28,1.026,-0.3787
2018-12-31,1.0259,0.0
2019-01-02,1.0147,-1.1014
2019-01-03,1.0059,-0.8673
2019-01-04,1.0213,1.531
2019-01-07,1.0358,1.4198
2019-01-08,1.033,-0.2703
2019-01-09,1.0458,1.2391
2019-01-10,1.0578,1.1474
2019-01-11,1.0594,0.1513
2019-01-14,1.0552,-0.3965
2019-01-15,1.0828,2.6156
2019-01-16,1.0796,-0.2955
2019-01-17,1.0695,-0.9355
2019-01-18,1.0914,2.0477
2019-01-21,1.1033,1.0903
2019-01-22,1.0952,-0.7342
2019-01-23,1.0958,0.0548
2019-01-24,1.1045,0.7939
2019-01-25,1.1118,0.6609
2019-01-28,1.1093,-0.2249
2019-01-29,1.1076,-0.1532
2019-01-30,1.0994,-0.7403
2019-01-31,1.1003,0.0819
2019-02-01,1.1222,1.9904
2019-02-11,1.144,1.9426
2019-02-12,1.1569,1.1276
2019-02-13,1.1705,1.1756
2019-02-14,1.1806,0.8629
2019-02-15,1.1667,-1.1774
2019-02-18,1.2103,3.737
2019-02-19,1.2091,-0.0991
2019-02-20,1.2124,0.2729
2019-02-21,1.2156,0.2639
2019-02-22,1.2481,2.6736
2019-02-25,1.301,4.2384
2019-02-26,1.2792,-1.6756
2019-02-27,1.2552,-1.8762
2019-02-28,1.2649,0.7728
2019-03-01,1.288,1.8262
2019-03-04,1.3011,1.0171
2019-03-05,1.3146,1.0376
2019-03-06,1.316,0.1065
2019-03-07,1.2982,-1.3526
2019-03-08,1.2749,-1.7948
2019-03-11,1.3194,3.4905
2019-03-12,1.3424,1.7432
2019-03-13,1.3241,-1.3632
2019-03-14,1.3172,-0.5211
2019-03-15,1.3384,1.6095
2019-03-18,1.3842,3.422
2019-03-19,1.376,-0.5924
2019-03-20,1.3681,-0.5741
2019-03-21,1.3694,0.095
2019-03-22,1.3672,-0.1607
2019-03-25,1.3369,-2.2162
2019-03-26,1.3216,-1.1444
2019-03-27,1.3486,2.043
2019-03-28,1.3482,-0.0297
2019-03-29,1.3929,3.3155
2019-04-01,1.4387,3.2881
2019-04-02,1.4348,-0.2711
2019-04-03,1.4461,0.7876
2019-04-04,1.456,0.6846
2019-04-08,1.4527,-0.2266
2019-04-09,1.4582,0.3786
2019-04-10,1.4661,0.5418
2019-04-11,1.4252,-2.7897
2019-04-12,1.4117,-0.9472
2019-04-15,1.3999,-0.8359
2019-04-16,1.4262,1.8787
2019-04-17,1.4544,1.9773
2019-04-18,1.4705,1.107
2019-04-19,1.4772,0.4556
2019-04-22,1.0,-0.7897
2019-04-23,0.9949,-0.51
2019-04-24,0.9968,0.191
2019-04-25,0.9811,-1.575
2019-04-26,0.9721,-0.9173
2019-04-29,0.984,1.2242
2019-04-30,0.9865,0.2541
2019-05-06,0.9374,-4.9772
2019-05-07,0.9546,1.8349
2019-05-08,0.9386,-1.6761
2019-05-09,0.9241,-1.5449
2019-05-10,0.9617,4.0688
2019-05-13,0.9503,-1.1854
2019-05-14,0.944,-0.6629
2019-05-15,0.9784,3.6441
2019-05-16,0.9858,0.7563
2019-05-17,0.9614,-2.4751
2019-05-20,0.9483,-1.3626
2019-05-21,0.9631,1.5607
2019-05-22,0.969,0.6126
2019-05-23,0.9499,-1.9711
2019-05-24,0.9482,-0.179
2019-05-27,0.9596,1.2023
2019-05-28,0.9667,0.7399
2019-05-29,0.9631,-0.3724
2019-05-30,0.9569,-0.6438
2019-05-31,0.9581,0.1254
2019-06-03,0.9527,-0.5636
2019-06-04,0.9433,-0.9867
2019-06-05,0.937,-0.6679
2019-06-06,0.9226,-1.5368
2019-06-10,0.9423,2.1353
2019-06-11,0.9738,3.3429
2019-06-12,0.9628,-1.1296
2019-06-13,0.9602,-0.27
2019-06-14,0.9501,-1.0519
2019-06-17,0.9462,-0.4105
2019-06-18,0.9512,0.5284
2019-06-19,0.9697,1.9449
2019-06-20,0.9956,2.6709
2019-06-21,0.9999,0.4319
2019-06-24,1.0044,0.45
2019-06-25,0.9925,-1.1848
2019-06-26,1.0009,0.8463
2019-06-27,1.014,1.3088
2019-06-28,1.0137,-0.0296
2019-06-30,1.0136,0.0
2019-07-01,1.0409,2.6832
2019-07-02,1.0357,-0.4996
2019-07-03,1.024,-1.1297
2019-07-04,1.0126,-1.1133
2019-07-05,1.0193,0.6617
2019-07-08,1.0008,-1.815
2019-07-09,0.9985,-0.2298
2019-07-10,0.9988,0.03
2019-07-11,0.996,-0.2803
2019-07-12,1.0076,1.1647
2019-07-15,1.0086,0.0992
2019-07-16,1.005,-0.3569
2019-07-17,1.0058,0.0796
2019-07-18,0.9963,-0.9445
2019-07-19,1.0034,0.7126
2019-07-22,0.9996,-0.3787
2019-07-23,1.0114,1.1805
2019-07-24,1.0224,1.0876
2019-07-25,1.028,0.5477
2019-07-26,1.0379,0.963
2019-07-29,1.0385,0.0578
2019-07-30,1.0378,-0.0674
2019-07-31,1.0325,-0.5107
2019-08-01,1.024,-0.8232
2019-08-02,1.0158,-0.8008
2019-08-05,1.0004,-1.516
2019-08-06,0.9905,-0.9896
2019-08-07,0.9898,-0.0707
2019-08-08,1.0042,1.4548
2019-08-09,0.9988,-0.5377
2019-08-12,1.0136,1.4818
2019-08-13,1.0099,-0.365
2019-08-14,1.011,0.1089
2019-08-15,1.0227,1.1573
2019-08-16,1.0266,0.3813
2019-08-19,1.0463,1.919
2019-08-20,1.0486,0.2198
2019-08-21,1.055,0.6103
2019-08-22,1.052,-0.2844
2019-08-23,1.0655,1.2833
2019-08-26,1.0515,-1.3139
2019-08-27,1.0647,1.2553
2019-08-28,1.0672,0.2348
2019-08-29,1.0659,-0.1218
2019-08-30,1.0625,-0.319
2019-09-02,1.0822,1.8541
2019-09-03,1.0853,0.2865
2019-09-04,1.0855,0.0184
2019-09-05,1.0925,0.6449
2019-09-06,1.0888,-0.3387
2019-09-09,1.0972,0.7715
2019-09-10,1.0962,-0.0911
2019-09-11,1.0836,-1.1494
2019-09-12,1.0904,0.6275
2019-09-16,1.0933,0.266
2019-09-17,1.0787,-1.3354
2019-09-18,1.0847,0.5562
2019-09-19,1.0886,0.3595
2019-09-20,1.0914,0.2572
2019-09-23,1.0794,-1.0995
2019-09-24,1.0878,0.7782
2019-09-25,1.0755,-1.1307
2019-09-26,1.0638,-1.0879
2019-09-27,1.0697,0.5546
2019-09-30,1.0603,-0.8788
2019-10-08,1.064,0.349
2019-10-09,1.0663,0.2162
2019-10-10,1.0846,1.7162
2019-10-11,1.0871,0.2305
2019-10-14,1.0968,0.8923
2019-10-15,1.0883,-0.775
2019-10-16,1.075,-1.2221
2019-10-17,1.0792,0.3907
2019-10-18,1.0684,-1.0007
2019-10-21,1.0647,-0.3463
2019-10-22,1.0734,0.8171
2019-10-23,1.0632,-0.9503
2019-10-24,1.0524,-1.0158
2019-10-25,1.0673,1.4158
2019-10-28,1.0764,0.8526
2019-10-29,1.0694,-0.6503
2019-10-30,1.0683,-0.1029
2019-10-31,1.0654,-0.2715
2019-11-01,1.0764,1.0325
2019-11-04,1.0888,1.152
2019-11-05,1.089,0.0184
2019-11-06,1.0857,-0.303
2019-11-07,1.096,0.9487
2019-11-08,1.0985,0.2281
2019-11-11,1.0787,-1.8025
2019-11-12,1.0731,-0.5191
2019-11-13,1.0792,0.5684
2019-11-14,1.0847,0.5096
2019-11-15,1.0765,-0.756
2019-11-18,1.0837,0.6688
2019-11-19,1.1029,1.7717
2019-11-20,1.0999,-0.272
2019-11-21,1.0949,-0.4546
2019-11-22,1.0803,-1.3335
2019-11-25,1.0742,-0.5647
2019-11-26,1.0845,0.9589
2019-11-27,1.0756,-0.8207
2019-11-28,1.0799,0.3998
2019-11-29,1.0728,-0.6575
2019-12-02,1.0787,0.55
2019-12-03,1.0841,0.5006
2019-12-04,1.0868,0.2491
2019-12-05,1.1002,1.233
2019-12-06,1.1106,0.9453
2019-12-09,1.1037,-0.6213
2019-12-10,1.1116,0.7158
2019-12-11,1.107,-0.4138
2019-12-12,1.1083,0.1174
2019-12-13,1.1203,1.0827
2019-12-16,1.1322,1.0622
2019-12-17,1.1411,0.7861
2019-12-18,1.1392,-0.1665
2019-12-19,1.1303,-0.7813
2019-12-20,1.1233,-0.6193
2019-12-23,1.1084,-1.3264
2019-12-24,1.1217,1.1999
2019-12-25,1.125,0.2942
2019-12-26,1.1237,-0.1156
2019-12-27,1.1214,-0.2047
2019-12-30,1.1333,1.0612
2019-12-31,1.1401,0.6
2020-01-02,1.1681,2.4559
2020-01-03,1.1698,0.1455
2020-01-06,1.1707,0.0769
2020-01-07,1.1852,1.2386
2020-01-08,1.1746,-0.8944
2020-01-09,1.1974,1.9411
2020-01-10,1.1974,0.0
2020-01-13,1.2152,1.4866
2020-01-14,1.2121,-0.2551
2020-01-15,1.2114,-0.0578
2020-01-16,1.2135,0.1734
2020-01-17,1.2177,0.3461
2020-01-20,1.2307,1.0676
2020-01-21,1.2222,-0.6907
2020-01-22,1.2313,0.7446
2020-01-23,1.1972,-2.7694
2020-02-03,1.1166,-6.7324
2020-02-04,1.1694,4.7286
2020-02-05,1.1835,1.2057
2020-02-06,1.2189,2.9911
2020-02-07,1.2243,0.443
2020-02-10,1.2304,0.4982
2020-02-11,1.2297,-0.0569
2020-02-12,1.2463,1.3499
2020-02-13,1.2378,-0.682
2020-02-14,1.2343,-0.2828
2020-02-17,1.2637,2.3819
2020-02-18,1.2672,0.277
2020-02-19,1.2588,-0.6629
2020-02-20,1.2721,1.0566
2020-02-21,1.2792,0.5581
2020-02-24,1.2825,0.258
2020-02-25,1.2857,0.2495
2020-02-26,1.2551,-2.38
2020-02-27,1.2682,1.0437
2020-02-28,1.2252,-3.3906
2020-03-02,1.261,2.922
2020-03-03,1.2672,0.4917
2020-03-04,1.2699,0.2131
2020-03-05,1.2899,1.5749
2020-03-06,1.2749,-1.1629
2020-03-09,1.2259,-3.8434
2020-03-10,1.2475,1.762
2020-03-11,1.2333,-1.1383
2020-03-12,1.2032,-2.4406
2020-03-13,1.1891,-1.1719
2020-03-16,1.1314,-4.8524
2020-03-17,1.1266,-0.4243
2020-03-18,1.1137,-1.145
2020-03-19,1.0999,-1.2391
2020-03-20,1.1242,2.2093
2020-03-23,1.081,-3.8427
2020-03-24,1.1059,2.3034
2020-03-25,1.1445,3.4904
2020-03-26,1.1427,-0.1573
2020-03-27,1.1473,0.4026
2020-03-30,1.1335,-1.2028
2020-03-31,1.1444,0.9616
2020-04-01,1.1394,-0.4369
2020-04-02,1.1555,1.413
2020-04-03,1.1521,-0.2942
2020-04-07,1.1815,2.5519
2020-04-08,1.1755,-0.5078
2020-04-09,1.1915,1.3611
2020-04-10,1.1731,-1.5443
2020-04-13,1.1668,-0.537
2020-04-14,1.198,2.674
2020-04-15,1.1851,-1.0768
2020-04-16,1.1939,0.7426
2020-04-17,1.2119,1.5077
2020-04-20,1.2207,0.7261
2020-04-21,1.21,-0.8765
2020-04-22,1.224,1.157
2020-04-23,1.2211,-0.2369
2020-04-24,1.2091,-0.9827
2020-04-27,1.2197,0.8767
2020-04-28,1.2346,1.2216
2020-04-29,1.2353,0.0567
2020-04-30,1.2444,0.7367
2020-05-06,1.2566,0.9804
2020-05-07,1.2644,0.6207
2020-05-08,1.2817,1.3682
2020-05-11,1.277,-0.3667
2020-05-12,1.2947,1.3861
2020-05-13,1.313,1.4135
2020-05-14,1.2936,-1.4775
2020-05-15,1.2903,-0.2551
2020-05-18,1.304,1.0618
2020-05-19,1.3257,1.6641
2020-05-20,1.3067,-1.4332
2020-05-21,1.2967,-0.7653
2020-05-22,1.2715,-1.9434
2020-05-25,1.2817,0.8022
2020-05-26,1.3081,2.0598
2020-05-27,1.2917,-1.2537
2020-05-28,1.286,-0.4413
2020-05-29,1.3167,2.3872
2020-06-01,1.3518,2.6658
2020-06-02,1.3316,-1.4943
2020-06-03,1.3366,0.3755
2020-06-04,1.3386,0.1496
2020-06-05,1.3458,0.5379
2020-06-08,1.3446,-0.0892
2020-06-09,1.3545,0.7363
2020-06-10,1.3648,0.7604
2020-06-11,1.3651,0.022
2020-06-12,1.3718,0.4908
2020-06-15,1.3678,-0.2916
2020-06-16,1.3873,1.4256
2020-06-17,1.3891,0.1297
2020-06-18,1.3841,-0.3599
2020-06-19,1.4071,1.6617
2020-06-22,1.4014,-0.4051
2020-06-23,1.4177,1.1631
2020-06-24,1.4261,0.5925
2020-06-29,1.4378,0.8204
2020-06-30,1.4637,1.8014
2020-07-01,1.474,0.7037
2020-07-02,1.4819,0.536
2020-07-03,1.4943,0.8368
2020-07-06,1.5288,2.3088
2020-07-07,1.5452,1.0727
2020-07-08,1.5655,1.3137
2020-07-09,1.5991,2.1463
2020-07-10,1.5953,-0.2376
2020-07-13,1.6324,2.3256
2020-07-14,1.617,-0.9434
2020-07-15,1.6207,0.2288
2020-07-16,1.5457,-4.6276
2020-07-17,1.567,1.378
2020-07-20,1.5973,1.9336
2020-07-21,1.6187,1.3398
2020-07-22,1.6265,0.4819
2020-07-23,1.6434,1.039
2020-07-24,1.5655,-4.7402
2020-07-27,1.5794,0.8879
2020-07-28,1.5941,0.9307
2020-07-29,1.6373,2.71
2020-07-30,1.6402,0.1771
2020-07-31,1.6486,0.5121
2020-08-03,1.6816,2.0017
2020-08-04,1.6814,-0.0119
2020-08-05,1.6995,1.0765
2020-08-06,1.6911,-0.4943
2020-08-07,1.6924,0.0769
2020-08-10,1.6836,-0.52
2020-08-11,1.6605,-1.3721
2020-08-12,1.6336,-1.62
2020-08-13,1.6388,0.3183
2020-08-14,1.6594,1.257
2020-08-17,1.6733,0.8377
2020-08-18,1.6849,0.6932
2020-08-19,1.6519,-1.9586
2020-08-20,1.63,-1.3257
2020-08-21,1.6519,1.3436
2020-08-24,1.6952,2.62
2020-08-25,1.69,-0.31
2020-08-26,1.68,-0.59
2020-08-27,1.7093,1.74
2020-08-28,1.7508,2.43
2020-08-31,1.7333,-1.0
2020-09-01,1.7556,1.29
2020-09-02,1.7534,-0.13
2020-09-03,1.7485,-0.28
2020-09-04,1.7339,-0.84
2020-09-07,1.6779,-3.23
2020-09-08,1.6816,0.22
2020-09-09,1.6315,-2.98
2020-09-10,1.6337,0.13
2020-09-11,1.6731,2.41
2020-09-14,1.6894,0.97
2020-09-15,1.7072,1.05
2020-09-16,1.7032,-0.23
2020-09-17,1.7208,1.03
2020-09-18,1.7324,0.67
2020-09-21,1.7162,-0.94
2020-09-22,1.6965,-1.15
2020-09-23,1.7226,1.54
2020-09-24,1.6781,-2.58
2020-09-25,1.6785,0.02
2020-09-28,1.6771,-0.08
2020-09-29,1.6888,0.7
2020-09-30,1.6955,0.4
2020-10-09,1.7478,3.08
2020-10-12,1.795,2.7
2020-10-13,1.8105,0.86
2020-10-14,1.7992,-0.62
2020-10-15,1.7885,-0.59
2020-10-16,1.7714,-0.96
2020-10-19,1.7551,-0.92
2020-10-20,1.7855,1.73
2020-10-21,1.7774,-0.45
2020-10-22,1.7647,-0.71
2020-10-23,1.7284,-2.06
2020-10-26,1.7501,1.26
2020-10-27,1.7693,1.1
2020-10-28,1.8063,2.09
2020-10-29,1.8285,1.23
2020-10-30,1.8095,-1.04
2020-11-02,1.8448,1.95
2020-11-03,1.8486,0.21
2020-11-04,1.8609,0.67
2020-11-05,1.8908,1.61
2020-11-06,1.889,-0.1
2020-11-09,1.9115,1.19
2020-11-10,1.905,-0.34
2020-11-11,1.8716,-1.75
2020-11-12,1.8839,0.66
2020-11-13,1.8686,-0.81
2020-11-16,1.8862,0.94
2020-11-17,1.8777,-0.45
2020-11-18,1.8656,-0.64
2020-11-19,1.8828,0.92
2020-11-20,1.8959,0.7
2020-11-23,1.9064,0.55
2020-11-24,1.8853,-1.11
2020-11-25,1.8558,-1.56
2020-11-26,1.8476,-0.44
2020-11-27,1.865,0.94
2020-11-30,1.8592,-0.31
2020-12-01,1.9006,2.23
2020-12-02,1.8994,-0.06
2020-12-03,1.9027,0.17
2020-12-04,1.9166,0.73
2020-12-07,1.9106,-0.31
2020-12-08,1.9122,0.08
2020-12-09,1.8893,-1.2
2020-12-10,1.892,0.14
2020-12-11,1.8812,-0.57
2020-12-14,1.9014,1.07
2020-12-15,1.9151,0.72
2020-12-16,1.9181,0.16
2020-12-17,1.924,0.31
2020-12-18,1.9105,-0.7
2020-12-21,1.9434,1.72
2020-12-22,1.9205,-1.18
2020-12-23,1.9401,1.02
2020-12-24,1.9279,-0.63
2020-12-25,1.9455,0.91
2020-12-28,1.9456,0.01
2020-12-29,1.9411,-0.23
2020-12-30,1.9616,1.06
2020-12-31,1.997,1.8
2021-01-04,2.0203,1.17
2021-01-05,2.0738,2.65
2021-01-06,2.0765,0.13
2021-01-07,2.1158,1.89
2021-01-08,2.1221,0.3
2021-01-11,2.1197,-0.11
2021-01-12,2.1673,2.25
2021-01-13,2.1507,-0.77
2021-01-14,2.1102,-1.88
2021-01-15,2.1132,0.14
2021-01-18,2.1386,1.2
2021-01-19,2.1105,-1.31
2021-01-20,2.1314,0.99
2021-01-21,2.1714,1.88
2021-01-22,2.1867,0.7
2021-01-25,2.2068,0.92
2021-01-26,2.1603,-2.11
2021-01-27,2.1789,0.86
2021-01-28,2.1152,-2.92
2021-01-29,2.1048,-0.49
2021-02-01,2.1503,2.16
2021-02-02,2.1807,1.41
2021-02-03,2.182,0.06
2021-02-04,2.1787,-0.15
2021-02-05,2.1809,0.1
2021-02-08,2.21,1.33
2021-02-09,2.2518,1.89
2021-02-10,2.2727,0.93
2021-02-18,2.2515,-0.93
2021-02-19,2.2408,-0.48
2021-02-22,2.1815,-2.65
2021-02-23,2.2093,1.27
2021-02-24,2.1703,-1.77
2021-02-25,2.175,0.22
2021-02-26,2.122,-2.44
2021-03-01,2.1619,1.88
2021-03-02,2.1472,-0.68
2021-03-03,2.1696,1.04
2021-03-04,2.1107,-2.71
2021-03-05,2.1112,0.02
2021-03-08,2.0592,-2.46
2021-03-09,2.0086,-2.46
2021-03-10,2.0071,-0.07
2021-03-11,2.0504,2.16
2021-03-12,2.0593,0.43
2021-03-15,2.0081,-2.49
2021-03-16,2.0214,0.66
2021-03-17,2.0392,0.88
2021-03-18,2.0475,0.41
2021-03-19,2.0069,-1.98
2021-03-22,2.0307,1.19
2021-03-23,2.0205,-0.5
2021-03-24,1.9883,-1.59
2021-03-25,2.0018,0.68
2021-03-26,2.047,2.26
2021-03-29,2.0564,0.46
2021-03-30,2.0647,0.4
2021-03-31,2.0649,0.01
2021-04-01,2.0821,0.83
2021-04-02,2.0861,0.19
2021-04-06,2.0853,-0.04
2021-04-07,2.0678,-0.84
2021-04-08,2.0649,-0.14
2021-04-09,2.0393,-1.24
2021-04-12,1.9938,-2.23
2021-04-13,1.9923,-0.08
2021-04-14,2.0069,0.73
2021-04-15,1.9989,-0.4
2021-04-16,2.0082,0.47
2021-04-19,2.0457,1.87
2021-04-20,2.0604,0.72
2021-04-21,2.0798,0.94
2021-04-22,2.0826,0.13
2021-04-23,2.1036,1.01
2021-04-26,2.1085,0.23
2021-04-27,2.1284,0.94
2021-04-28,2.14,0.55
2021-04-29,2.1341,-0.28
2021-04-30,2.1379,0.18
2021-05-06,2.1214,-0.77
2021-05-07,2.0844,-1.74
2021-05-10,2.0758,-0.41
2021-05-11,2.0676,-0.4
2021-05-12,2.0698,0.11
2021-05-13,2.0521,-0.86
2021-05-14,2.0793,1.33
2021-05-17,2.1126,1.6
2021-05-18,2.109,-0.17
2021-05-19,2.0921,-0.8
2021-05-20,2.1026,0.5
2021-05-21,2.0912,-0.54
2021-05-24,2.1061,0.71
2021-05-25,2.145,1.85
2021-05-26,2.155,0.47
2021-05-27,2.1598,0.22
2021-05-28,2.1429,-0.78
2021-05-31,2.1518,0.42
2021-06-01,2.16,0.38
2021-06-02,2.1441,-0.74
2021-06-03,2.1262,-0.83
2021-06-04,2.1439,0.83
2021-06-07,2.1467,0.13
2021-06-08,2.1333,-0.62
2021-06-09,2.1321,-0.06
2021-06-10,2.1371,0.23
2021-06-11,2.1151,-1.03
2021-06-15,2.0987,-0.78
2021-06-16,2.0682,-1.45
2021-06-17,2.0737,0.27
2021-06-18,2.0692,-0.22
2021-06-21,2.0768,0.37
2021-06-22,2.0884,0.56
2021-06-23,2.1063,0.86
2021-06-24,2.1078,0.07
2021-06-25,2.1254,0.83
2021-06-28,2.126,0.03
2021-06-29,2.1233,-0.13
2021-06-30,2.1494,1.23
2021-07-01,2.1574,0.37
2021-07-02,2.0983,-2.74
2021-07-05,2.0956,-0.13
2021-07-06,2.0906,-0.24
2021-07-07,2.1035,0.62
2021-07-08,2.0852,-0.87
2021-07-09,2.0796,-0.27
2021-07-12,2.1086,1.39
2021-07-13,2.1244,0.75
2021-07-14,2.1135,-0.51
2021-07-15,2.1267,0.62
2021-07-16,2.1011,-1.2
2021-07-19,2.112,0.52
2021-07-20,2.1041,-0.37
2021-07-21,2.1219,0.85
2021-07-22,2.1148,-0.33
2021-07-23,2.0899,-1.18
2021-07-26,2.0336,-2.69
2021-07-27,1.9671,-3.27
2021-07-28,1.9603,-0.35
2021-07-29,1.9911,1.57
2021-07-30,1.9797,-0.57
2021-08-02,2.014,1.73
2021-08-03,2.0203,0.31
2021-08-04,2.0301,0.49
2021-08-05,2.017,-0.65
2021-08-06,2.0027,-0.71
2021-08-09,2.0282,1.27
2021-08-10,2.0455,0.85
2021-08-11,2.0445,-0.05
2021-08-12,2.0395,-0.24
2021-08-13,2.0365,-0.15
2021-08-16,2.0424,0.29
2021-08-17,1.9916,-2.49
2021-08-18,1.9941,0.13
2021-08-19,2.0106,0.83
2021-08-20,1.9803,-1.51
2021-08-23,2.0154,1.77
2021-08-24,2.0295,0.7
2021-08-25,2.0252,-0.21
2021-08-26,1.9805,-2.21
2021-08-27,1.9685,-0.61
2021-08-30,1.954,-0.74
2021-08-31,1.954,0.0
2021-09-01,1.9658,0.6
2021-09-02,1.9691,0.17
2021-09-03,1.9594,-0.49
2021-09-06,1.9979,1.96
2021-09-07,2.0063,0.42
2021-09-08,1.9966,-0.48
2021-09-09,1.9703,-1.32
2021-09-10,1.9991,1.46
2021-09-13,1.9877,-0.57
2021-09-14,1.9626,-1.26
2021-09-15,1.9633,0.04
2021-09-16,1.927,-1.85
2021-09-17,1.9465,1.01
2021-09-22,1.9365,-0.51
2021-09-23,1.9322,-0.22
2021-09-24,1.925,-0.37
2021-09-27,1.9268,0.09
2021-09-28,1.9405,0.71
2021-09-29,1.9209,-1.01
2021-09-30,1.9407,1.03
2021-10-08,1.9721,1.62
2021-10-11,1.9678,-0.22
2021-10-12,1.9361,-1.61
2021-10-13,1.9591,1.19
2021-10-14,1.9557,-0.17
2021-10-15,1.9679,0.62
2021-10-18,1.9501,-0.9
2021-10-19,1.9731,1.18
2021-10-20,1.9685,-0.23
2021-10-21,1.97,0.08
2021-10-22,1.984,0.71
2021-10-25,1.9776,-0.32
2021-10-26,1.9659,-0.59
2021-10-27,1.9545,-0.58
2021-10-28,1.9526,-0.1
2021-10-29,1.9843,1.62
2021-11-01,2.0058,1.08
2021-11-02,1.9932,-0.63
2021-11-03,1.9933,0.01
2021-11-04,2.0328,1.98
2021-11-05,2.021,-0.58
2021-11-08,2.013,-0.4
2021-11-09,2.0234,0.52
2021-11-10,2.0299,0.32
2021-11-11,2.0602,1.49
2021-11-12,2.0774,0.83
2021-11-15,2.0926,0.73
2021-11-16,2.0837,-0.43
2021-11-17,2.085,0.06
2021-11-18,2.063,-1.06
2021-11-19,2.092,1.41
2021-11-22,2.1101,0.87
2021-11-23,2.0892,-0.99
2021-11-24,2.0953,0.29
2021-11-25,2.0861,-0.44
2021-11-26,2.065,-1.01
2021-11-29,2.0653,0.01
2021-11-30,2.0688,0.17
2021-12-01,2.0638,-0.24
2021-12-02,2.0435,-0.98
2021-12-03,2.0672,1.16
2021-12-06,2.0617,-0.27
2021-12-07,2.059,-0.13
2021-12-08,2.0985,1.92
2021-12-09,2.1322,1.61
2021-12-10,2.109,-1.09
2021-12-13,2.1289,0.94
2021-12-14,2.1281,-0.04
2021-12-15,2.1046,-1.1
2021-12-16,2.1129,0.39
2021-12-17,2.0876,-1.2
2021-12-20,2.0493,-1.83
2021-12-21,2.079,1.45
2021-12-22,2.1093,1.46
2021-12-23,2.1125,0.15
2021-12-24,2.1042,-0.39
2021-12-27,2.0977,-0.31
2021-12-28,2.1057,0.38
2021-12-29,2.0835,-1.05
2021-12-30,2.1026,0.92
2021-12-31,2.1233,0.98
2022-01-04,2.0927,-1.44
2022-01-05,2.055,-1.8
2022-01-06,2.0555,0.02
2022-01-07,2.046,-0.46
2022-01-10,2.0339,-0.59
2022-01-11,2.0003,-1.65
2022-01-12,2.0265,1.31
2022-01-13,1.9858,-2.01
2022-01-14,2.0034,0.89
2022-01-17,2.0237,1.01
2022-01-18,2.0349,0.55
2022-01-19,2.0113,-1.16
2022-01-20,1.9981,-0.66
2022-01-21,1.9604,-1.89
2022-01-24,1.9639,0.18
2022-01-25,1.9127,-2.61
2022-01-26,1.9279,0.79
2022-01-27,1.8826,-2.35
2022-01-28,1.8546,-1.49
2022-02-07,1.8659,0.61
2022-02-08,1.8518,-0.76
2022-02-09,1.8721,1.1
2022-02-10,1.8597,-0.66
2022-02-11,1.8315,-1.52
2022-02-14,1.8207,-0.59
2022-02-15,1.854,1.83
2022-02-16,1.8527,-0.07
2022-02-17,1.8552,0.13
2022-02-18,1.855,-0.01
2022-02-21,1.8575,0.13
2022-02-22,1.8249,-1.76
2022-02-23,1.8741,2.7
2022-02-24,1.8419,-1.72
2022-02-25,1.8695,1.5
2022-02-28,1.8662,-0.18
2022-03-01,1.869,0.15
2022-03-02,1.8549,-0.75
2022-03-03,1.8386,-0.88
2022-03-04,1.8267,-0.65
2022-03-07,1.7569,-3.82
2022-03-08,1.7212,-2.03
2022-03-09,1.7111,-0.59
2022-03-10,1.7435,1.89
2022-03-11,1.7535,0.57
2022-03-14,1.7015,-2.97
2022-03-15,1.6308,-4.16
2022-03-16,1.6877,3.49
2022-03-17,1.7248,2.2
2022-03-18,1.7206,-0.24
2022-03-21,1.7314,0.63
2022-03-22,1.7147,-0.96
2022-03-23,1.7304,0.92
2022-03-24,1.7069,-1.36
2022-03-25,1.6725,-2.02
2022-03-28,1.6628,-0.58
2022-03-29,1.6417,-1.27
2022-03-30,1.6806,2.37
2022-03-31,1.6595,-1.26
2022-04-01,1.6706,0.67
2022-04-06,1.6462,-1.46
2022-04-07,1.6203,-1.57
2022-04-08,1.6096,-0.66
2022-04-11,1.564,-2.83
2022-04-12,1.5884,1.56
2022-04-13,1.5572,-1.96
2022-04-14,1.5872,1.93
2022-04-15,1.5828,-0.28
2022-04-18,1.5941,0.71
2022-04-19,1.5804,-0.86
2022-04-20,1.5705,-0.63
2022-04-21,1.53,-2.58
2022-04-22,1.5283,-0.11
2022-04-25,1.4456,-5.41
2022-04-26,1.4404,-0.36
2022-04-27,1.4923,3.6
2022-04-28,1.484,-0.56
2022-04-29,1.5559,4.85
2022-05-05,1.5697,0.89
2022-05-06,1.5283,-2.64
2022-05-09,1.5294,0.07
2022-05-10,1.5546,1.65
2022-05-11,1.5817,1.74
2022-05-12,1.5944,0.8
2022-05-13,1.5976,0.2
2022-05-16,1.5854,-0.76
2022-05-17,1.6078,1.41
2022-05-18,1.6026,-0.32
2022-05-19,1.6088,0.39
2022-05-20,1.638,1.82
2022-05-23,1.6347,-0.2
2022-05-24,1.5828,-3.17
2022-05-25,1.6016,1.19
2022-05-26,1.6088,0.45
2022-05-27,1.6012,-0.47
2022-05-30,1.6146,0.84
2022-05-31,1.6442,1.83
2022-06-01,1.6351,-0.55
2022-06-02,1.6532,1.11
2022-06-06,1.6808,1.67
2022-06-07,1.6741,-0.4
2022-06-08,1.6747,0.04
2022-06-09,1.6428,-1.9
2022-06-10,1.6762,2.03
2022-06-13,1.6662,-0.6
2022-06-14,1.6645,-0.1
2022-06-15,1.6708,0.38
2022-06-16,1.6907,1.19
2022-06-17,1.7085,1.05
2022-06-20,1.7237,0.89
2022-06-21,1.7056,-1.05
2022-06-22,1.6729,-1.92
2022-06-23,1.6902,1.03
2022-06-24,1.7276,2.21
2022-06-27,1.7412,0.79
2022-06-28,1.7672,1.49
2022-06-29,1.7374,-1.69
2022-06-30,1.7756,2.2
2022-07-01,1.7588,-0.95
2022-07-04,1.7698,0.63
2022-07-05,1.7569,-0.73
2022-07-06,1.7417,-0.87
2022-07-07,1.7458,0.24
2022-07-08,1.7438,-0.11
2022-07-11,1.7065,-2.14
2022-07-12,1.6803,-1.54
2022-07-13,1.6814,0.07
2022-07-14,1.6881,0.4
2022-07-15,1.6794,-0.52
2022-07-18,1.6934,0.83
2022-07-19,1.6903,-0.18
2022-07-20,1.7111,1.23
2022-07-21,1.7068,-0.25
2022-07-22,1.7032,-0.21
2022-07-25,1.69,-0.78
2022-07-26,1.6997,0.57
2022-07-27,1.7039,0.25
2022-07-28,1.7187,0.87
2022-07-29,1.6944,-1.41
2022-08-01,1.7127,1.08
2022-08-02,1.6781,-2.02
2022-08-03,1.6653,-0.76
2022-08-04,1.6754,0.61
2022-08-05,1.7202,2.67
2022-08-08,1.7143,-0.34
2022-08-09,1.7199,0.33
2022-08-10,1.6964,-1.37
2022-08-11,1.7321,2.1
2022-08-12,1.7202,-0.69
2022-08-15,1.7196,-0.03
2022-08-16,1.7091,-0.61
2022-08-17,1.7253,0.95
2022-08-18,1.7277,0.14
2022-08-19,1.7156,-0.7
2022-08-22,1.7314,0.92
2022-08-23,1.7171,-0.83
2022-08-24,1.6668,-2.93
2022-08-25,1.6701,0.2
2022-08-26,1.6658,-0.26
2022-08-29,1.6707,0.29
2022-08-30,1.672,0.08
2022-08-31,1.6522,-1.18
2022-09-01,1.6428,-0.57
2022-09-02,1.6455,0.16
2022-09-05,1.6344,-0.67
2022-09-06,1.654,1.2
2022-09-07,1.6493,-0.28
2022-09-08,1.6406,-0.53
2022-09-09,1.6523,0.71
2022-09-13,1.6559,0.22
2022-09-14,1.6417,-0.86
2022-09-15,1.6149,-1.63
2022-09-16,1.5866,-1.75
2022-09-19,1.574,-0.79
2022-09-20,1.5682,-0.37
2022-09-21,1.5459,-1.42
2022-09-22,1.5281,-1.15
2022-09-23,1.5084,-1.29
2022-09-26,1.5035,-0.32
2022-09-27,1.5367,2.21
2022-09-28,1.5021,-2.25
2022-09-29,1.504,0.13
2022-09-30,1.4907,-0.88
2022-10-10,1.4463,-2.98
2022-10-11,1.4478,0.1
2022-10-12,1.4727,1.72
2022-10-13,1.4731,0.03
2022-10-14,1.5171,2.99
2022-10-17,1.5359,1.24
2022-10-18,1.5333,-0.17
2022-10-19,1.5017,-2.06
2022-10-20,1.5091,0.49
2022-10-21,1.5016,-0.5
2022-10-24,1.4726,-1.93
2022-10-25,1.4541,-1.26
2022-10-26,1.4902,2.48
2022-10-27,1.4897,-0.03
2022-10-28,1.4458,-2.95
2022-10-31,1.4445,-0.09
2022-11-01,1.483,2.67
2022-11-02,1.5073,1.64
2022-11-03,1.5067,-0.04
2022-11-04,1.5436,2.45
2022-11-07,1.5547,0.72
2022-11-08,1.5405,-0.91
2022-11-09,1.538,-0.16
2022-11-10,1.5247,-0.86
2022-11-11,1.5517,1.77
2022-11-14,1.5544,0.17
2022-11-15,1.6009,2.99
2022-11-16,1.5849,-1.0
2022-11-17,1.595,0.64
2022-11-18,1.5833,-0.73
2022-11-21,1.5734,-0.63
2022-11-22,1.5604,-0.83
2022-11-23,1.5465,-0.89
2022-11-24,1.5442,-0.15
2022-11-25,1.5323,-0.77
2022-11-28,1.5187,-0.89
2022-11-29,1.5548,2.38
2022-11-30,1.546,-0.57
2022-12-01,1.5719,1.68
2022-12-02,1.5578,-0.9
2022-12-05,1.5749,1.1
2022-12-06,1.588,0.83
2022-12-07,1.5833,-0.3
2022-12-08,1.5775,-0.37
2022-12-09,1.5977,1.28
2022-12-12,1.5958,-0.12
2022-12-13,1.5764,-1.22
2022-12-14,1.5807,0.27
2022-12-15,1.5833,0.16
2022-12-16,1.5787,-0.29
2022-12-19,1.5509,-1.76
2022-12-20,1.5326,-1.18
2022-12-21,1.5326,0.0
2022-12-22,1.5448,0.8
2022-12-23,1.5408,-0.26
2022-12-26,1.5512,0.67
2022-12-27,1.5642,0.84
2022-12-28,1.5544,-0.63
2022-12-29,1.5566,0.14
2022-12-30,1.5516,-0.32
2022-12-31,1.5515,-0.01
2023-01-03,1.5757,1.55
2023-01-04,1.5612,-0.92
2023-01-05,1.5801,1.21
2023-01-06,1.5774,-0.17
2023-01-09,1.5877,0.65
2023-01-10,1.5945,0.43
2023-01-11,1.5834,-0.7
2023-01-12,1.5843,0.06
2023-01-13,1.5981,0.87
2023-01-16,1.6247,1.66
2023-01-17,1.6292,0.28
2023-01-18,1.6322,0.18
2023-01-19,1.6529,1.27
2023-01-20,1.6554,0.15
2023-01-30,1.662,0.4
2023-01-31,1.6494,-0.76
2023-02-01,1.6709,1.3
2023-02-02,1.6833,0.74
2023-02-03,1.6829,-0.02
2023-02-06,1.6653,-1.05
2023-02-07,1.6641,-0.07
2023-02-08,1.6552,-0.53
2023-02-09,1.6814,1.58
2023-02-10,1.6763,-0.3
2023-02-13,1.6876,0.67
2023-02-14,1.6897,0.12
2023-02-15,1.6856,-0.24
2023-02-16,1.6635,-1.31
2023-02-17,1.6392,-1.46
2023-02-20,1.6689,1.81
2023-02-21,1.6687,-0.01
2023-02-22,1.6633,-0.32
2023-02-23,1.6561,-0.43
2023-02-24,1.6473,-0.53
2023-02-27,1.6319,-0.93
2023-02-28,1.6456,0.84
2023-03-01,1.6521,0.39
2023-03-02,1.6431,-0.54
2023-03-03,1.6458,0.16
2023-03-06,1.6428,-0.18
2023-03-07,1.6128,-1.83
2023-03-08,1.6128,0.0
2023-03-09,1.6165,0.23
2023-03-10,1.599,-1.08
2023-03-13,1.6156,1.04
2023-03-14,1.6043,-0.7
2023-03-15,1.6046,0.02
2023-03-16,1.581,-1.47
2023-03-17,1.5915,0.66
2023-03-20,1.5864,-0.32
2023-03-21,1.5996,0.83
2023-03-22,1.6104,0.68
2023-03-23,1.6316,1.32
2023-03-24,1.6275,-0.25
2023-03-27,1.6233,-0.26
2023-03-28,1.6047,-1.15
2023-03-29,1.6169,0.76
2023-03-30,1.6306,0.85
2023-03-31,1.6368,0.38
2023-04-03,1.6573,1.25
2023-04-04,1.6673,0.6
2023-04-06,1.6878,1.23
2023-04-07,1.7024,0.87
2023-04-10,1.6763,-1.53
2023-04-11,1.6738,-0.15
2023-04-12,1.6888,0.9
2023-04-13,1.6551,-2.0
2023-04-14,1.6735,1.11
2023-04-17,1.6761,0.16
2023-04-18,1.6723,-0.23
2023-04-19,1.6551,-1.03
2023-04-20,1.6634,0.5
2023-04-21,1.6167,-2.81
2023-04-24,1.5888,-1.73
2023-04-25,1.5545,-2.16
2023-04-26,1.5414,-0.84
2023-04-27,1.5426,0.08
2023-04-28,1.5528,0.66
2023-05-04,1.5341,-1.2
2023-05-05,1.5098,-1.58
2023-05-08,1.5109,0.07
2023-05-09,1.4935,-1.15
2023-05-10,1.4987,0.35
2023-05-11,1.4994,0.05
2023-05-12,1.4867,-0.85
2023-05-15,1.5027,1.08
2023-05-16,1.5039,0.08
2023-05-17,1.5075,0.24
2023-05-18,1.5225,1.0
2023-05-19,1.5367,0.93
2023-05-22,1.5386,0.12
2023-05-23,1.5254,-0.86
2023-05-24,1.518,-0.49
2023-05-25,1.5254,0.49
2023-05-26,1.5388,0.88
2023-05-29,1.5371,-0.11
2023-05-30,1.5429,0.38
2023-05-31,1.5495,0.43
2023-06-01,1.5479,-0.1
2023-06-02,1.5674,1.26
2023-06-05,1.5688,0.09
2023-06-06,1.5316,-2.37
2023-06-07,1.535,0.22
2023-06-08,1.5218,-0.86
2023-06-09,1.5286,0.45
2023-06-12,1.5394,0.71
2023-06-13,1.555,1.01
2023-06-14,1.5654,0.67
2023-06-15,1.5777,0.79
2023-06-16,1.5907,0.82
2023-06-19,1.6052,0.91
2023-06-20,1.6094,0.26
2023-06-21,1.5745,-2.17
2023-06-26,1.5462,-1.8
2023-06-27,1.561,0.96
2023-06-28,1.5469,-0.9
2023-06-29,1.5535,0.43
2023-06-30,1.5752,1.4
2023-07-03,1.5799,0.3
2023-07-04,1.5924,0.79
2023-07-05,1.5783,-0.89
2023-07-06,1.5723,-0.38
2023-07-07,1.5584,-0.88
2023-07-10,1.5631,0.3
2023-07-11,1.5846,1.38
2023-07-12,1.56,-1.55
2023-07-13,1.5855,1.63
2023-07-14,1.5972,0.74
2023-07-17,1.588,-0.58
2023-07-18,1.5797,-0.52
2023-07-19,1.5723,-0.47
2023-07-20,1.5523,-1.27
2023-07-21,1.5502,-0.14
2023-07-24,1.5492,-0.06
2023-07-25,1.5784,1.88
2023-07-26,1.5718,-0.42
2023-07-27,1.5535,-1.16
2023-07-28,1.5706,1.1
2023-07-31,1.577,0.41
2023-08-01,1.5762,-0.05
2023-08-02,1.5748,-0.09
2023-08-03,1.5833,0.54
2023-08-04,1.593,0.61
2023-08-07,1.5819,-0.7
2023-08-08,1.5817,-0.01
2023-08-09,1.5677,-0.89
2023-08-10,1.5701,0.15
2023-08-11,1.541,-1.85
2023-08-14,1.5365,-0.29
2023-08-15,1.5281,-0.55
2023-08-16,1.5074,-1.35
2023-08-17,1.5153,0.52
2023-08-18,1.4984,-1.12
2023-08-21,1.4853,-0.87
2023-08-22,1.507,1.46
2023-08-23,1.4748,-2.14
2023-08-24,1.4904,1.06
2023-08-25,1.4601,-2.03
2023-08-28,1.4757,1.07
2023-08-29,1.5113,2.41
2023-08-30,1.5294,1.2
2023-08-31,1.5298,0.03
2023-09-01,1.5294,-0.03
2023-09-04,1.5396,0.67
2023-09-05,1.5274,-0.79
2023-09-06,1.5234,-0.26
2023-09-07,1.4942,-1.92
2023-09-08,1.4987,0.3
2023-09-11,1.5081,0.63
2023-09-12,1.5045,-0.24
2023-09-13,1.4861,-1.22
2023-09-14,1.4772,-0.6
2023-09-15,1.4742,-0.2
2023-09-18,1.4728,-0.09
2023-09-19,1.4657,-0.48
2023-09-20,1.4583,-0.5
2023-09-21,1.4497,-0.59
2023-09-22,1.4781,1.96
2023-09-25,1.463,-1.02
2023-09-26,1.4618,-0.08
2023-09-27,1.4641,0.16
2023-09-28,1.4638,-0.02
2023-10-09,1.4673,0.24
2023-10-10,1.4599,-0.5
2023-10-11,1.4748,1.02
2023-10-12,1.4795,0.32
2023-10-13,1.4658,-0.93
2023-10-16,1.4455,-1.38
2023-10-17,1.4501,0.32
2023-10-18,1.4266,-1.62
2023-10-19,1.4088,-1.25
2023-10-20,1.3818,-1.92
2023-10-23,1.3569,-1.8
2023-10-24,1.3621,0.38
2023-10-25,1.369,0.51
2023-10-26,1.3696,0.04
2023-10-27,1.3973,2.02
2023-10-30,1.436,2.77
2023-10-31,1.4284,-0.53
2023-11-01,1.4241,-0.3
2023-11-02,1.4108,-0.93
2023-11-03,1.4318,1.49
2023-11-06,1.4572,1.77
2023-11-07,1.4582,0.07
2023-11-08,1.4556,-0.18
2023-11-09,1.4467,-0.61
2023-11-10,1.4463,-0.03
2023-11-13,1.4503,0.28
2023-11-14,1.4557,0.37
2023-11-15,1.4649,0.63
2023-11-16,1.4493,-1.06
2023-11-17,1.4569,0.52
2023-11-20,1.4536,-0.23
2023-11-21,1.4494,-0.29
2023-11-22,1.4323,-1.18
2023-11-23,1.445,0.89
2023-11-24,1.4327,-0.85
2023-11-27,1.4309,-0.13
2023-11-28,1.4389,0.56
2023-11-29,1.4322,-0.47
2023-11-30,1.4295,-0.19
2023-12-01,1.4323,0.2
2023-12-04,1.4203,-0.84
2023-12-05,1.3889,-2.21
2023-12-06,1.3904,0.11
2023-12-07,1.3853,-0.37
2023-12-08,1.4051,1.43
2023-12-11,1.4262,1.5
2023-12-12,1.4249,-0.09
2023-12-13,1.408,-1.19
2023-12-14,1.4059,-0.15
2023-12-15,1.3962,-0.69
2023-12-18,1.3814,-1.06
2023-12-19,1.3902,0.64
2023-12-20,1.3737,-1.19
2023-12-21,1.3808,0.52
2023-12-22,1.369,-0.85
2023-12-25,1.3701,0.08
2023-12-26,1.3508,-1.41
2023-12-27,1.3635,0.94
2023-12-28,1.3893,1.89
2023-12-29,1.4068,1.26
2023-12-31,1.4067,-0.01
2024-01-02,1.3864,-1.44
2024-01-03,1.367,-1.4
2024-01-04,1.3533,-1.0
2024-01-05,1.3408,-0.92
2024-01-08,1.3168,-1.79
2024-01-09,1.3219,0.39
2024-01-10,1.3133,-0.65
2024-01-11,1.3272,1.06
2024-01-12,1.3153,-0.9
2024-01-15,1.3153,0.0
2024-01-16,1.3159,0.05
2024-01-17,1.2926,-1.77
2024-01-18,1.3027,0.78
2024-01-19,1.3031,0.03
2024-01-22,1.2627,-3.1
2024-01-23,1.2767,1.11
2024-01-24,1.2775,0.06
2024-01-25,1.3004,1.79
2024-01-26,1.2705,-2.3
2024-01-29,1.2473,-1.83
2024-01-30,1.2244,-1.84
2024-01-31,1.2038,-1.68
2024-02-01,1.2093,0.46
2024-02-02,1.1848,-2.03
2024-02-05,1.183,-0.15
2024-02-06,1.2416,4.95
2024-02-07,1.2813,3.2
2024-02-08,1.3028,1.68
2024-02-19,1.3125,0.74
2024-02-20,1.3159,0.26
2024-02-21,1.3139,-0.15
2024-02-22,1.3222,0.63
2024-02-23,1.328,0.44
2024-02-26,1.3352,0.54
2024-02-27,1.3624,2.04
2024-02-28,1.3231,-2.88
2024-02-29,1.3668,3.3
2024-03-01,1.3843,1.28
2024-03-04,1.3974,0.95
2024-03-05,1.3961,-0.09
2024-03-06,1.3823,-0.99
2024-03-07,1.366,-1.18
2024-03-08,1.387,1.54
2024-03-11,1.4094,1.61
2024-03-12,1.415,0.4
2024-03-13,1.4115,-0.25
2024-03-14,1.3973,-1.01
2024-03-15,1.3999,0.19
2024-03-18,1.42,1.44
2024-03-19,1.4081,-0.84
2024-03-20,1.4073,-0.06
2024-03-21,1.4014,-0.42
2024-03-22,1.3918,-0.69
2024-03-25,1.3673,-1.76
2024-03-26,1.3655,-0.13
2024-03-27,1.3362,-2.15
2024-03-28,1.3473,0.83
2024-03-29,1.3513,0.3
2024-04-01,1.3736,1.65
2024-04-02,1.3652,-0.61
2024-04-03,1.3579,-0.53
2024-04-08,1.3418,-1.19
2024-04-09,1.3492,0.55
2024-04-10,1.3278,-1.59
2024-04-11,1.3387,0.82
2024-04-12,1.3424,0.28
2024-04-15,1.3592,1.25
2024-04-16,1.3299,-2.16
2024-04-17,1.36,2.26
2024-04-18,1.3519,-0.6
2024-04-19,1.3322,-1.46
2024-04-22,1.3319,-0.02
2024-04-23,1.3265,-0.41
2024-04-24,1.3372,0.81
2024-04-25,1.3386,0.1
2024-04-26,1.371,2.42
2024-04-29,1.4107,2.9
2024-04-30,1.4043,-0.45
2024-05-06,1.4333,2.07
2024-05-07,1.4302,-0.22
2024-05-08,1.4182,-0.84
2024-05-09,1.438,1.4
2024-05-10,1.4278,-0.71
2024-05-13,1.4267,-0.08
2024-05-14,1.4259,-0.06
2024-05-15,1.4148,-0.78
2024-05-16,1.4088,-0.42
2024-05-17,1.4147,0.42
2024-05-20,1.4103,-0.31
2024-05-21,1.4047,-0.4
2024-05-22,1.4074,0.19
2024-05-23,1.3927,-1.04
2024-05-24,1.3724,-1.46
2024-05-27,1.3942,1.59
2024-05-28,1.3825,-0.84
2024-05-29,1.3825,0.0
2024-05-30,1.387,0.33
2024-05-31,1.3802,-0.49
2024-06-03,1.3901,0.72
2024-06-04,1.3941,0.29
2024-06-05,1.3819,-0.88
2024-06-06,1.3808,-0.08
2024-06-07,1.3654,-1.12
2024-06-11,1.3802,1.08
2024-06-12,1.3866,0.46
2024-06-13,1.3849,-0.12
2024-06-14,1.3858,0.06
2024-06-17,1.3951,0.67
2024-06-18,1.3978,0.19
2024-06-19,1.3865,-0.81
2024-06-20,1.3808,-0.41
2024-06-21,1.3844,0.26
2024-06-24,1.369,-1.11
2024-06-25,1.3535,-1.13
2024-06-26,1.3725,1.4
2024-06-27,1.3523,-1.47
2024-06-28,1.3531,0.06
2024-06-30,1.353,-0.01
2024-07-01,1.3524,-0.04
2024-07-02,1.3287,-1.75
2024-07-03,1.3282,-0.04
2024-07-04,1.3183,-0.75
2024-07-05,1.3211,0.21
2024-07-08,1.3135,-0.58
2024-07-09,1.341,2.09
2024-07-10,1.3439,0.22
2024-07-11,1.3754,2.34
2024-07-12,1.3811,0.41
2024-07-15,1.3752,-0.43
2024-07-16,1.3863,0.81
2024-07-17,1.3704,-1.15
2024-07-18,1.3726,0.16
2024-07-19,1.3733,0.05
2024-07-22,1.3709,-0.17
2024-07-23,1.3201,-3.71
2024-07-24,1.3051,-1.14
2024-07-25,1.2957,-0.72
2024-07-26,1.3139,1.4
2024-07-29,1.3055,-0.64
2024-07-30,1.2951,-0.8
2024-07-31,1.3412,3.56
2024-08-01,1.3305,-0.8
2024-08-02,1.3051,-1.91
2024-08-05,1.2651,-3.06
2024-08-06,1.2705,0.43
2024-08-07,1.2654,-0.4
2024-08-08,1.2713,0.47
2024-08-09,1.2682,-0.24
2024-08-12,1.2698,0.13
2024-08-13,1.2751,0.42
2024-08-14,1.2583,-1.32
2024-08-15,1.2595,0.1
2024-08-16,1.2591,-0.03
2024-08-19,1.2579,-0.1
2024-08-20,1.244,-1.11
2024-08-21,1.2488,0.39
2024-08-22,1.2435,-0.42
2024-08-23,1.2505,0.56
2024-08-26,1.2433,-0.58
2024-08-27,1.2218,-1.73
2024-08-28,1.2167,-0.42
2024-08-29,1.23,1.09
2024-08-30,1.2639,2.76
2024-09-02,1.2292,-2.75
2024-09-03,1.2464,1.4
2024-09-04,1.2404,-0.48
2024-09-05,1.2431,0.22
2024-09-06,1.2254,-1.42
2024-09-09,1.2108,-1.19
2024-09-10,1.2155,0.39
2024-09-11,1.227,0.95
2024-09-12,1.2206,-0.52
2024-09-13,1.216,-0.38
2024-09-18,1.2139,-0.17
2024-09-19,1.2203,0.53
2024-09-20,1.2241,0.31
2024-09-23,1.2228,-0.11
2024-09-24,1.267,3.61
2024-09-25,1.2758,0.69
2024-09-26,1.3173,3.25
2024-09-27,1.3889,5.44
2024-09-30,1.5341,10.45
2024-10-08,1.6672,8.68
2024-10-09,1.5606,-6.39
2024-10-10,1.5438,-1.08
2024-10-11,1.4748,-4.47
2024-10-14,1.5133,2.61
2024-10-15,1.4776,-2.36
2024-10-16,1.4539,-1.6
2024-10-17,1.4425,-0.78
2024-10-18,1.5226,5.55
2024-10-21,1.5402,1.16
2024-10-22,1.5445,0.28
2024-10-23,1.539,-0.36
2024-10-24,1.5219,-1.11
2024-10-25,1.5339,0.79
2024-10-28,1.535,0.07
2024-10-29,1.5308,-0.27
2024-10-30,1.5277,-0.2
2024-10-31,1.5276,-0.01
2024-11-01,1.5067,-1.37
2024-11-04,1.5329,1.74
2024-11-05,1.5764,2.84
2024-11-06,1.5599,-1.05
2024-11-07,1.5831,1.49
2024-11-08,1.5805,-0.16
2024-11-11,1.6296,3.11
2024-11-12,1.6223,-0.45
2024-11-13,1.6299,0.47
2024-11-14,1.5857,-2.71
2024-11-15,1.5554,-1.91
2024-11-18,1.5286,-1.72
2024-11-19,1.5577,1.9
2024-11-20,1.5651,0.48
2024-11-21,1.567,0.12
2024-11-22,1.5269,-2.56
2024-11-25,1.5166,-0.67
2024-11-26,1.5047,-0.78
2024-11-27,1.5558,3.4
2024-11-28,1.5336,-1.43
2024-11-29,1.5559,1.45
2024-12-02,1.5794,1.51
2024-12-03,1.5671,-0.78
2024-12-04,1.5459,-1.35
2024-12-05,1.5455,-0.03
2024-12-06,1.5716,1.69
2024-12-09,1.5702,-0.09
2024-12-10,1.5912,1.34
2024-12-11,1.6047,0.85
2024-12-12,1.6127,0.5
2024-12-13,1.5921,-1.28
2024-12-16,1.5579,-2.15
2024-12-17,1.5504,-0.48
2024-12-18,1.5726,1.43
2024-12-19,1.589,1.04
2024-12-20,1.5875,-0.09
2024-12-23,1.5593,-1.78
2024-12-24,1.5813,1.41
2024-12-25,1.565,-1.03
2024-12-26,1.579,0.89
2024-12-27,1.5621,-1.07
2024-12-30,1.5648,0.17
2024-12-31,1.5327,-2.05
2025-01-02,1.4874,-2.96
2025-01-03,1.4624,-1.68
2025-01-06,1.4561,-0.43
2025-01-07,1.4845,1.95
2025-01-08,1.4847,0.01
2025-01-09,1.4926,0.53
2025-01-10,1.4755,-1.15
2025-01-13,1.4644,-0.75
2025-01-14,1.5283,4.36
2025-01-15,1.5171,-0.73
2025-01-16,1.511,-0.4
2025-01-17,1.5349,1.58
2025-01-20,1.5523,1.13
2025-01-21,1.5809,1.84
2025-01-22,1.5639,-1.08
2025-01-23,1.5496,-0.91
2025-01-24,1.5864,2.37
2025-01-27,1.573,-0.84
2025-02-05,1.5767,0.24
2025-02-06,1.6162,2.51
2025-02-07,1.629,0.79
2025-02-10,1.6301,0.07
2025-02-11,1.6165,-0.83
2025-02-12,1.6439,1.7
2025-02-13,1.6263,-1.07
2025-02-14,1.6356,0.57
2025-02-17,1.6255,-0.62
2025-02-18,1.5993,-1.61
2025-02-19,1.6273,1.75
2025-02-20,1.6364,0.56
2025-02-21,1.6529,1.01
2025-02-24,1.6471,-0.35
2025-02-25,1.6456,-0.09
2025-02-26,1.6524,0.41
2025-02-27,1.6509,-0.09
2025-02-28,1.606,-2.72
2025-03-03,1.6063,0.02
2025-03-04,1.6176,0.7
2025-03-05,1.6239,0.39
2025-03-06,1.6497,1.59
2025-03-07,1.6371,-0.76
2025-03-10,1.6278,-0.57
2025-03-11,1.6192,-0.53
2025-03-12,1.6135,-0.35
2025-03-13,1.5892,-1.51
2025-03-14,1.6182,1.82
2025-03-17,1.6156,-0.16
2025-03-18,1.6277,0.75
2025-03-19,1.6251,-0.16
2025-03-20,1.6088,-1.0
2025-03-21,1.5729,-2.23
2025-03-24,1.5933,1.3
2025-03-25,1.5767,-1.04
2025-03-26,1.5739,-0.18
2025-03-27,1.5859,0.76
2025-03-28,1.5795,-0.4
2025-03-31,1.5782,-0.08
2025-04-01,1.5762,-0.13
2025-04-02,1.5785,0.15
2025-04-03,1.5306,-3.03
2025-04-07,1.3979,-8.67
2025-04-08,1.4002,0.16
2025-04-09,1.4157,1.11
2025-04-10,1.4508,2.48
2025-04-11,1.4767,1.79
2025-04-14,1.4848,0.55
2025-04-15,1.4767,-0.55
2025-04-16,1.47,-0.45
2025-04-17,1.4792,0.63
2025-04-18,1.4756,-0.24
2025-04-21,1.4892,0.92
2025-04-22,1.4952,0.4
2025-04-23,1.5049,0.65
2025-04-24,1.5012,-0.25
2025-04-25,1.5013,0.01
2025-04-28,1.4992,-0.14
2025-04-29,1.505,0.39
2025-04-30,1.5152,0.68
2025-05-06,1.5364,1.4
2025-05-07,1.5311,-0.34
2025-05-08,1.5325,0.09
2025-05-09,1.525,-0.49
2025-05-12,1.5431,1.19
2025-05-13,1.5452,0.14
2025-05-14,1.5478,0.17
2025-05-15,1.5299,-1.16
2025-05-16,1.5271,-0.18
2025-05-19,1.5252,-0.12
2025-05-20,1.5378,0.83
2025-05-21,1.5422,0.29
2025-05-22,1.5363,-0.38
2025-05-23,1.5263,-0.65
2025-05-26,1.522,-0.28
2025-05-27,1.5155,-0.43
2025-05-28,1.5167,0.08
2025-05-29,1.5406,1.58
2025-05-30,1.5341,-0.42
2025-06-03,1.5505,1.07
2025-06-04,1.5614,0.7
2025-06-05,1.5697,0.53
2025-06-06,1.5678,-0.12
2025-06-09,1.5782,0.66
2025-06-10,1.5642,-0.89
2025-06-11,1.567,0.18
2025-06-12,1.5687,0.11
2025-06-13,1.5577,-0.7
2025-06-16,1.5606,0.19
2025-06-17,1.5562,-0.28
2025-06-18,1.5618,0.36
2025-06-19,1.5522,-0.61
2025-06-20,1.5491,-0.2
2025-06-23,1.5453,-0.25
2025-06-24,1.5572,0.77
2025-06-25,1.5747,1.12
2025-06-26,1.5599,-0.94
2025-06-27,1.5682,0.53
2025-06-30,1.5883,1.28
2025-07-01,1.5994,0.7
2025-07-02,1.5828,-1.04
2025-07-03,1.612,1.84
2025-07-04,1.6094,-0.16
2025-07-07,1.6026,-0.42
2025-07-08,1.6177,0.94
2025-07-09,1.6075,-0.63
2025-07-10,1.6018,-0.35
2025-07-11,1.6085,0.42
2025-07-14,1.6071,-0.09
2025-07-15,1.6084,0.08
2025-07-16,1.6099,0.09
2025-07-17,1.6274,1.09
2025-07-18,1.6324,0.31
2025-07-21,1.6508,1.13
2025-07-22,1.6529,0.13
2025-07-23,1.6508,-0.13
2025-07-24,1.6612,0.63
2025-07-25,1.6623,0.07
2025-07-28,1.6655,0.19
2025-07-29,1.679,0.81
2025-07-30,1.678,-0.06
2025-07-31,1.6552,-1.36
2025-08-01,1.6501,-0.31
2025-08-04,1.6562,0.37
2025-08-05,1.6671,0.66
2025-08-06,1.6723,0.31
2025-08-07,1.6725,0.01
2025-08-08,1.6688,-0.22
2025-08-11,1.6953,1.59
2025-08-12,1.6972,0.11
2025-08-13,1.7295,1.9
2025-08-14,1.718,-0.66
2025-08-15,1.7394,1.25
2025-08-18,1.7698,1.75
2025-08-19,1.7688,-0.06
2025-08-20,1.7892,1.15
2025-08-21,1.7974,0.46
2025-08-22,1.8409,2.42
2025-08-25,1.8899,2.66
2025-08-26,1.8897,-0.01
2025-08-27,1.8806,-0.48
2025-08-28,1.9436,3.35
2025-08-29,1.9704,1.38
2025-09-01,1.9998,1.49
2025-09-02,1.9468,-2.65
2025-09-03,1.9471,0.02
2025-09-04,1.8721,-3.85
2025-09-05,1.9469,4.0
2025-09-08,1.9518,0.25
2025-09-09,1.9153,-1.87
2025-09-10,1.9426,1.43
2025-09-11,2.0351,4.76
2025-09-12,2.022,-0.64
2025-09-15,2.0251,0.15
2025-09-16,2.0267,0.08
2025-09-17,2.0443,0.87
2025-09-18,2.0366,-0.38
2025-09-19,2.0369,0.01
2025-09-22,2.0779,2.01
2025-09-23,2.0967,0.9
2025-09-24,2.1454,2.32
2025-09-25,2.1483,0.14
2025-09-26,2.103,-2.11
2025-09-29,2.147,2.09
2025-09-30,2.1626,0.73
2025-10-09,2.1782,0.72
2025-10-10,2.1067,-3.28
2025-10-13,2.0651,-1.97
2025-10-14,1.9859,-3.84
2025-10-15,2.0273,2.08
2025-10-16,2.0214,-0.29
2025-10-17,1.9594,-3.07
2025-10-20,1.9864,1.38
2025-10-21,2.0517,3.29
2025-10-22,2.0428,-0.43
2025-10-23,2.034,-0.43
2025-10-24,2.0999,3.24
2025-10-27,2.1401,1.91
2025-10-28,2.1243,-0.74
2025-10-29,2.1604,1.7
2025-10-30,2.1118,-2.25
2025-10-31,2.061,-2.41
2025-11-03,2.0538,-0.35
2025-11-04,2.0177,-1.76
2025-11-05,2.0156,-0.1
2025-11-06,2.0655,2.48
2025-11-07,2.057,-0.41
2025-11-10,2.0516,-0.26
2025-11-11,2.025,-1.3
2025-11-12,2.0336,0.42
2025-11-13,2.0555,1.08
2025-11-14,2.0074,-2.34
2025-11-17,2.0034,-0.2
2025-11-18,2.0081,0.23
2025-11-19,2.0027,-0.27
2025-11-20,1.9774,-1.26
2025-11-21,1.9058,-3.62
2025-11-24,1.9206,0.78
2025-11-25,1.9612,2.11
2025-11-26,1.9989,1.92
2025-11-27,1.9819,-0.85
2025-11-28,1.9941,0.62
2025-12-01,2.0307,1.84
2025-12-02,2.0253,-0.27
2025-12-03,2.0068,-0.91
2025-12-04,2.019,0.61
2025-12-05,2.0233,0.21
2025-12-08,2.0665,2.14
2025-12-09,2.0822,0.76
2025-12-10,2.0775,-0.23
2025-12-11,2.0508,-1.29
2025-12-12,2.0763,1.24
2025-12-15,2.034,-2.04
2025-12-16,2.001,-1.62
2025-12-17,2.0523,2.56
2025-12-18,2.0209,-1.53
2025-12-19,2.0279,0.35
2025-12-22,2.0791,2.52
2025-12-23,2.0909,0.57
2025-12-24,2.1103,0.93
2025-12-25,2.1166,0.3
2025-12-26,2.1072,-0.44
2025-12-29,2.0949,-0.58
2025-12-30,2.1056,0.51
2025-12-31,2.0802,-1.21
2026-01-05,2.1376,2.76
2026-01-06,2.1595,1.02
2026-01-07,2.1771,0.82
2026-01-08,2.1474,-1.36
2026-01-09,2.1467,-0.03
2026-01-12,2.1418,-0.23
2026-01-13,2.1186,-1.08
2026-01-14,2.131,0.59
2026-01-15,2.1754,2.08
2026-01-16,2.2198,2.04
2026-01-19,2.2146,-0.23
2026-01-20,2.2247,0.46
2026-01-21,2.2544,1.34
2026-01-22,2.2603,0.26
2026-01-23,2.2467,-0.6
2026-01-26,2.2354,-0.5
2026-01-27,2.2785,1.93
2026-01-28,2.3059,1.2
2026-01-29,2.2511,-2.38
2026-01-30,2.2781,1.2
2026-02-02,2.1744,-4.55
2026-02-03,2.2131,1.78
2026-02-04,2.1925,-0.93
2026-02-05,2.1784,-0.64
2026-02-06,2.1727,-0.26
2026-02-09,2.2164,2.01
2026-02-10,2.2182,0.08
2026-02-11,2.1929,-1.14
2026-02-12,2.2191,1.19
2026-02-13,2.203,-0.73
2026-02-24,2.2548,2.35
2026-02-25,2.2807,1.15
2026-02-26,2.2834,0.12
2026-02-27,2.2611,-0.98
2026-03-02,2.2641,0.13
2026-03-03,2.2024,-2.73
2026-03-04,2.18,-1.02
2026-03-05,2.204,1.1
2026-03-06,2.2137,0.44
2026-03-09,2.1775,-1.64
2026-03-10,2.2169,1.81
2026-03-11,2.2282,0.51
2026-03-12,2.2132,-0.67
2026-03-13,2.2008,-0.56
2026-03-16,2.2007,0.0
2026-03-17,2.1645,-1.64
2026-03-18,2.2032,1.79
2026-03-19,2.1536,-2.25
2026-03-20,2.1554,0.08
2026-03-23,2.0807,-3.47
2026-03-24,2.1017,1.01
2026-03-25,2.1313,1.41
2026-03-26,2.1065,-1.16
2026-03-27,2.1341,1.31
2026-03-30,2.1302,-0.18
2026-03-31,2.0882,-1.97
2026-04-01,2.1314,2.07
2026-04-02,2.091,-1.9
2026-04-03,2.0818,-0.44
2026-04-07,2.0991,0.83
2026-04-08,2.1871,4.19
2026-04-09,2.1909,0.17
2026-04-10,2.2316,1.86
2026-04-13,2.2408,0.41
2026-04-14,2.282,1.84
2026-04-15,2.2515,-1.34
2026-04-16,2.2829,1.39
2026-04-17,2.2889,0.26
2026-04-20,2.3062,0.76
2026-04-21,2.3105,0.19
2026-04-22,2.3361,1.11
2026-04-23,2.335,-0.05
2026-04-24,2.3577,0.97
2026-04-27,2.3976,1.69
2026-04-28,2.3888,-0.37
2026-04-29,2.4103,0.9
2026-04-30,2.4351,1.03
2026-05-06,2.4824,1.94
2026-05-07,2.4987,0.66
2026-05-08,2.4883,-0.42
2026-05-11,2.5781,3.61
2026-05-12,2.6083,1.17
2026-05-13,2.6452,1.41
2026-05-14,2.602,-1.63
2026-05-15,2.5981,-0.15
2026-05-18,2.5755,-0.87
2026-05-19,2.5827,0.28
2026-05-20,2.6017,0.74
2026-05-21,2.5245,-2.97
2026-05-22,2.5905,2.61
2026-05-25,2.6471,2.18
2026-05-26,2.6445,-0.1
2026-05-27,2.6211,-0.88
2026-05-28,2.648,1.03
2026-05-29,2.5827,-2.47
2026-06-01,2.5299,-2.04
2026-06-02,2.5703,1.6
2026-06-03,2.6075,1.45
2026-06-04,2.595,-0.48
2026-06-05,2.522,-2.81
2026-06-08,2.4295,-3.67
2026-06-09,2.4903,2.5
2026-06-10,2.4676,-0.91
2026-06-11,2.4642,-0.14
2026-06-12,2.4799,0.64
2026-06-15,2.5991,4.81
2026-06-16,2.6066,0.29
2026-06-17,2.6597,2.04
2026-06-18,2.7116,1.95
2026-06-22,2.7672,2.05
2026-06-23,2.7457,-0.78
2026-06-24,2.8475,3.71
2026-06-25,2.8915,1.55
2026-06-26,2.8263,-2.25
2026-06-29,2.8858,2.11
2026-06-30,2.9481,2.16
2026-07-01,2.928,-0.68
2026-07-02,2.8057,-4.18
2026-07-03,2.8035,-0.08
2026-07-06,2.8039,0.01
2026-07-07,2.7767,-0.97
2026-07-08,2.7367,-1.44
